This is pdfTeX, Version 3.141592653-2.6-1.40.24 (TeX Live 2022/Debian) (preloaded format=pdflatex 2024.2.8)  21 MAY 2024 11:16
entering extended mode
 restricted \write18 enabled.
 %&-line parsing enabled.
**aliro_actuator.tex
(./aliro_actuator.tex
LaTeX2e <2022-11-01> patch level 1
L3 programming layer <2023-01-16> (./sphinxmanual.cls
Document Class: sphinxmanual 2019/12/01 v2.3.0 Document class (Sphinx manual)
(/usr/share/texlive/texmf-dist/tex/latex/base/report.cls
Document Class: report 2022/07/02 v1.4n Standard LaTeX document class
(/usr/share/texlive/texmf-dist/tex/latex/base/size10.clo
File: size10.clo 2022/07/02 v1.4n Standard LaTeX file (size option)
)
\c@part=\count185
\c@chapter=\count186
\c@section=\count187
\c@subsection=\count188
\c@subsubsection=\count189
\c@paragraph=\count190
\c@subparagraph=\count191
\c@figure=\count192
\c@table=\count193
\abovecaptionskip=\skip48
\belowcaptionskip=\skip49
\bibindent=\dimen140
)
LaTeX Info: Redefining \and on input line 35.
)
(/usr/share/texlive/texmf-dist/tex/latex/base/inputenc.sty
Package: inputenc 2021/02/14 v1.3d Input encoding file
\inpenc@prehook=\toks16
\inpenc@posthook=\toks17
)
   defining Unicode char U+00A0 (decimal 160)
   defining Unicode char U+2500 (decimal 9472)
   defining Unicode char U+2502 (decimal 9474)
   defining Unicode char U+2514 (decimal 9492)
   defining Unicode char U+251C (decimal 9500)
   defining Unicode char U+2572 (decimal 9586)

(/usr/share/texlive/texmf-dist/tex/latex/cmap/cmap.sty
Package: cmap 2021/02/06 v1.0j CMap support: searchable PDF
)
(/usr/share/texlive/texmf-dist/tex/latex/base/fontenc.sty
Package: fontenc 2021/04/29 v2.0v Standard LaTeX package
<<t1.cmap>>)
(/usr/share/texlive/texmf-dist/tex/latex/amsmath/amsmath.sty
Package: amsmath 2022/04/08 v2.17n AMS math features
\@mathmargin=\skip50

For additional information on amsmath, use the `?' option.
(/usr/share/texlive/texmf-dist/tex/latex/amsmath/amstext.sty
Package: amstext 2021/08/26 v2.01 AMS text

(/usr/share/texlive/texmf-dist/tex/latex/amsmath/amsgen.sty
File: amsgen.sty 1999/11/30 v2.0 generic functions
\@emptytoks=\toks18
\ex@=\dimen141
))
(/usr/share/texlive/texmf-dist/tex/latex/amsmath/amsbsy.sty
Package: amsbsy 1999/11/29 v1.2d Bold Symbols
\pmbraise@=\dimen142
)
(/usr/share/texlive/texmf-dist/tex/latex/amsmath/amsopn.sty
Package: amsopn 2022/04/08 v2.04 operator names
)
\inf@bad=\count194
LaTeX Info: Redefining \frac on input line 234.
\uproot@=\count195
\leftroot@=\count196
LaTeX Info: Redefining \overline on input line 399.
LaTeX Info: Redefining \colon on input line 410.
\classnum@=\count197
\DOTSCASE@=\count198
LaTeX Info: Redefining \ldots on input line 496.
LaTeX Info: Redefining \dots on input line 499.
LaTeX Info: Redefining \cdots on input line 620.
\Mathstrutbox@=\box51
\strutbox@=\box52
LaTeX Info: Redefining \big on input line 722.
LaTeX Info: Redefining \Big on input line 723.
LaTeX Info: Redefining \bigg on input line 724.
LaTeX Info: Redefining \Bigg on input line 725.
\big@size=\dimen143
LaTeX Font Info:    Redeclaring font encoding OML on input line 743.
LaTeX Font Info:    Redeclaring font encoding OMS on input line 744.
\macc@depth=\count199
LaTeX Info: Redefining \bmod on input line 905.
LaTeX Info: Redefining \pmod on input line 910.
LaTeX Info: Redefining \smash on input line 940.
LaTeX Info: Redefining \relbar on input line 970.
LaTeX Info: Redefining \Relbar on input line 971.
\c@MaxMatrixCols=\count266
\dotsspace@=\muskip16
\c@parentequation=\count267
\dspbrk@lvl=\count268
\tag@help=\toks19
\row@=\count269
\column@=\count270
\maxfields@=\count271
\andhelp@=\toks20
\eqnshift@=\dimen144
\alignsep@=\dimen145
\tagshift@=\dimen146
\tagwidth@=\dimen147
\totwidth@=\dimen148
\lineht@=\dimen149
\@envbody=\toks21
\multlinegap=\skip51
\multlinetaggap=\skip52
\mathdisplay@stack=\toks22
LaTeX Info: Redefining \[ on input line 2953.
LaTeX Info: Redefining \] on input line 2954.
)
(/usr/share/texlive/texmf-dist/tex/latex/amsfonts/amssymb.sty
Package: amssymb 2013/01/14 v3.01 AMS font symbols

(/usr/share/texlive/texmf-dist/tex/latex/amsfonts/amsfonts.sty
Package: amsfonts 2013/01/14 v3.01 Basic AMSFonts support
\symAMSa=\mathgroup4
\symAMSb=\mathgroup5
LaTeX Font Info:    Redeclaring math symbol \hbar on input line 98.
LaTeX Font Info:    Overwriting math alphabet `\mathfrak' in version `bold'
(Font)                  U/euf/m/n --> U/euf/b/n on input line 106.
))
(/usr/share/texlive/texmf-dist/tex/generic/babel/babel.sty
Package: babel 2022/12/26 3.84 The Babel package
\babel@savecnt=\count272
\U@D=\dimen150
\l@unhyphenated=\language3

(/usr/share/texlive/texmf-dist/tex/generic/babel/txtbabel.def)
\bbl@readstream=\read2
\bbl@dirlevel=\count273

(/usr/share/texlive/texmf-dist/tex/generic/babel-english/english.ldf
Language: english 2017/06/06 v3.3r English support from the babel system
Package babel Info: Hyphen rules for 'british' set to \l@english
(babel)             (\language0). Reported on input line 82.
Package babel Info: Hyphen rules for 'UKenglish' set to \l@english
(babel)             (\language0). Reported on input line 83.
Package babel Info: Hyphen rules for 'canadian' set to \l@english
(babel)             (\language0). Reported on input line 102.
Package babel Info: Hyphen rules for 'australian' set to \l@english
(babel)             (\language0). Reported on input line 105.
Package babel Info: Hyphen rules for 'newzealand' set to \l@english
(babel)             (\language0). Reported on input line 108.
))
(/usr/share/texlive/texmf-dist/tex/generic/babel/locale/en/babel-english.tex
Package babel Info: Importing font and identification data for english
(babel)             from babel-en.ini. Reported on input line 11.
)
(/usr/share/texmf/tex/latex/tex-gyre/tgtermes.sty
Package: tgtermes 2009/09/27 v1.2 TeX Gyre Termes as default roman family

(/usr/share/texlive/texmf-dist/tex/latex/kvoptions/kvoptions.sty
Package: kvoptions 2022-06-15 v3.15 Key value format for package options (HO)

(/usr/share/texlive/texmf-dist/tex/latex/graphics/keyval.sty
Package: keyval 2022/05/29 v1.15 key=value parser (DPC)
\KV@toks@=\toks23
)
(/usr/share/texlive/texmf-dist/tex/generic/ltxcmds/ltxcmds.sty
Package: ltxcmds 2020-05-10 v1.25 LaTeX kernel commands for general use (HO)
)
(/usr/share/texlive/texmf-dist/tex/latex/kvsetkeys/kvsetkeys.sty
Package: kvsetkeys 2022-10-05 v1.19 Key value parser (HO)
)))
(/usr/share/texmf/tex/latex/tex-gyre/tgheros.sty
Package: tgheros 2009/09/27 v1.2 TeX Gyre Heros as default sans serif family
)
(/usr/share/texlive/texmf-dist/tex/latex/fncychap/fncychap.sty
Package: fncychap 2007/07/30 v1.34 LaTeX package (Revised chapters)
\RW=\skip53
\mylen=\skip54
\myhi=\skip55
\px=\skip56
\py=\skip57
\pyy=\skip58
\pxx=\skip59
\c@AlphaCnt=\count274
\c@AlphaDecCnt=\count275
) (./sphinx.sty
Package: sphinx 2023/03/19 v6.2.0 LaTeX package (Sphinx markup)

(/usr/share/texlive/texmf-dist/tex/latex/xcolor/xcolor.sty
Package: xcolor 2022/06/12 v2.14 LaTeX color extensions (UK)

(/usr/share/texlive/texmf-dist/tex/latex/graphics-cfg/color.cfg
File: color.cfg 2016/01/02 v1.6 sample color configuration
)
Package xcolor Info: Driver file: pdftex.def on input line 227.

(/usr/share/texlive/texmf-dist/tex/latex/graphics-def/pdftex.def
File: pdftex.def 2022/09/22 v1.2b Graphics/color driver for pdftex
)
(/usr/share/texlive/texmf-dist/tex/latex/graphics/mathcolor.ltx)
Package xcolor Info: Model `cmy' substituted by `cmy0' on input line 1353.
Package xcolor Info: Model `hsb' substituted by `rgb' on input line 1357.
Package xcolor Info: Model `RGB' extended on input line 1369.
Package xcolor Info: Model `HTML' substituted by `rgb' on input line 1371.
Package xcolor Info: Model `Hsb' substituted by `hsb' on input line 1372.
Package xcolor Info: Model `tHsb' substituted by `hsb' on input line 1373.
Package xcolor Info: Model `HSB' substituted by `hsb' on input line 1374.
Package xcolor Info: Model `Gray' substituted by `gray' on input line 1375.
Package xcolor Info: Model `wave' substituted by `hsb' on input line 1376.
)
(./sphinxoptionshyperref.sty
File: sphinxoptionshyperref.sty 2021/01/27 hyperref
) (./sphinxoptionsgeometry.sty
File: sphinxoptionsgeometry.sty 2021/01/27 geometry
)
(/usr/share/texlive/texmf-dist/tex/latex/base/textcomp.sty
Package: textcomp 2020/02/02 v2.0n Standard LaTeX package
)
(/usr/share/texlive/texmf-dist/tex/latex/float/float.sty
Package: float 2001/11/08 v1.3d Float enhancements (AL)
\c@float@type=\count276
\float@exts=\toks24
\float@box=\box53
\@float@everytoks=\toks25
\@floatcapt=\box54
)
(/usr/share/texlive/texmf-dist/tex/latex/wrapfig/wrapfig.sty
\wrapoverhang=\dimen151
\WF@size=\dimen152
\c@WF@wrappedlines=\count277
\WF@box=\box55
\WF@everypar=\toks26
Package: wrapfig 2003/01/31  v 3.6
)
(/usr/share/texlive/texmf-dist/tex/latex/capt-of/capt-of.sty
Package: capt-of 2009/12/29 v0.2 standard captions outside of floats
)
(/usr/share/texlive/texmf-dist/tex/latex/tools/multicol.sty
Package: multicol 2021/11/30 v1.9d multicolumn formatting (FMi)
\c@tracingmulticols=\count278
\mult@box=\box56
\multicol@leftmargin=\dimen153
\c@unbalance=\count279
\c@collectmore=\count280
\doublecol@number=\count281
\multicoltolerance=\count282
\multicolpretolerance=\count283
\full@width=\dimen154
\page@free=\dimen155
\premulticols=\dimen156
\postmulticols=\dimen157
\multicolsep=\skip60
\multicolbaselineskip=\skip61
\partial@page=\box57
\last@line=\box58
\maxbalancingoverflow=\dimen158
\mult@rightbox=\box59
\mult@grightbox=\box60
\mult@firstbox=\box61
\mult@gfirstbox=\box62
\@tempa=\box63
\@tempa=\box64
\@tempa=\box65
\@tempa=\box66
\@tempa=\box67
\@tempa=\box68
\@tempa=\box69
\@tempa=\box70
\@tempa=\box71
\@tempa=\box72
\@tempa=\box73
\@tempa=\box74
\@tempa=\box75
\@tempa=\box76
\@tempa=\box77
\@tempa=\box78
\@tempa=\box79
\@tempa=\box80
\@tempa=\box81
\@tempa=\box82
\@tempa=\box83
\@tempa=\box84
\@tempa=\box85
\@tempa=\box86
\@tempa=\box87
\@tempa=\box88
\@tempa=\box89
\@tempa=\box90
\@tempa=\box91
\@tempa=\box92
\@tempa=\box93
\@tempa=\box94
\@tempa=\box95
\@tempa=\box96
\@tempa=\box97
\@tempa=\box98
\c@minrows=\count284
\c@columnbadness=\count285
\c@finalcolumnbadness=\count286
\last@try=\dimen159
\multicolovershoot=\dimen160
\multicolundershoot=\dimen161
\mult@nat@firstbox=\box99
\colbreak@box=\box100
\mc@col@check@num=\count287
)
(/usr/share/texlive/texmf-dist/tex/latex/graphics/graphicx.sty
Package: graphicx 2021/09/16 v1.2d Enhanced LaTeX Graphics (DPC,SPQR)

(/usr/share/texlive/texmf-dist/tex/latex/graphics/graphics.sty
Package: graphics 2022/03/10 v1.4e Standard LaTeX Graphics (DPC,SPQR)

(/usr/share/texlive/texmf-dist/tex/latex/graphics/trig.sty
Package: trig 2021/08/11 v1.11 sin cos tan (DPC)
)
(/usr/share/texlive/texmf-dist/tex/latex/graphics-cfg/graphics.cfg
File: graphics.cfg 2016/06/04 v1.11 sample graphics configuration
)
Package graphics Info: Driver file: pdftex.def on input line 107.
)
\Gin@req@height=\dimen162
\Gin@req@width=\dimen163
)
(./sphinxlatexgraphics.sty
File: sphinxlatexgraphics.sty 2021/01/27 graphics
\spx@image@maxheight=\dimen164
\spx@image@box=\box101
) (./sphinxpackageboxes.sty
Package: sphinxpackageboxes 2023/03/19 v6.2.0 advanced colored boxes

(/usr/share/texlive/texmf-dist/tex/latex/pict2e/pict2e.sty
Package: pict2e 2020/09/30 v0.4b Improved picture commands (HjG,RN,JT)

(/usr/share/texlive/texmf-dist/tex/latex/pict2e/pict2e.cfg
File: pict2e.cfg 2016/02/05 v0.1u pict2e configuration for teTeX/TeXLive
)
Package pict2e Info: Driver file: pdftex.def on input line 112.
Package pict2e Info: Driver file for pict2e: p2e-pdftex.def on input line 114.

(/usr/share/texlive/texmf-dist/tex/latex/pict2e/p2e-pdftex.def
File: p2e-pdftex.def 2016/02/05 v0.1u Driver-dependant file (RN,HjG,JT)
)
\pIIe@GRAPH=\toks27
\@arclen=\dimen165
\@arcrad=\dimen166
\pIIe@tempdima=\dimen167
\pIIe@tempdimb=\dimen168
\pIIe@tempdimc=\dimen169
\pIIe@tempdimd=\dimen170
\pIIe@tempdime=\dimen171
\pIIe@tempdimf=\dimen172
)
(/usr/share/texlive/texmf-dist/tex/latex/ellipse/ellipse.sty
Package: ellipse 2004/11/05 v1.0 .dtx ellipse file
)
\@tempdimd=\dimen173
\spx@tempboxa=\box102
\spx@tempboxb=\box103
\spx@boxes@border=\dimen174
\spx@boxes@border@top=\dimen175
\spx@boxes@border@right=\dimen176
\spx@boxes@border@bottom=\dimen177
\spx@boxes@border@left=\dimen178
\spx@boxes@padding@top=\dimen179
\spx@boxes@padding@right=\dimen180
\spx@boxes@padding@bottom=\dimen181
\spx@boxes@padding@left=\dimen182
\spx@boxes@shadow@xoffset=\dimen183
\spx@boxes@shadow@yoffset=\dimen184
\spx@boxes@radius@topleft@x=\dimen185
\spx@boxes@radius@topright@x=\dimen186
\spx@boxes@radius@bottomright@x=\dimen187
\spx@boxes@radius@bottomleft@x=\dimen188
\spx@boxes@radius@topleft@y=\dimen189
\spx@boxes@radius@topright@y=\dimen190
\spx@boxes@radius@bottomright@y=\dimen191
\spx@boxes@radius@bottomleft@y=\dimen192
)
(./sphinxlatexadmonitions.sty
File: sphinxlatexadmonitions.sty 2023/03/19 admonitions

(/usr/share/texlive/texmf-dist/tex/latex/framed/framed.sty
Package: framed 2011/10/22 v 0.96: framed or shaded text with page breaks
\OuterFrameSep=\skip62
\fb@frw=\dimen193
\fb@frh=\dimen194
\FrameRule=\dimen195
\FrameSep=\dimen196
)
\spx@notice@border=\dimen197
)
(./sphinxlatexliterals.sty
File: sphinxlatexliterals.sty 2023/04/01 code-blocks and parsed literals

(/usr/share/texlive/texmf-dist/tex/latex/fancyvrb/fancyvrb.sty
Package: fancyvrb 2023/01/19 4.5a verbatim text (tvz,hv)
\FV@CodeLineNo=\count288
\FV@InFile=\read3
\FV@TabBox=\box104
\c@FancyVerbLine=\count289
\FV@StepNumber=\count290
\FV@OutFile=\write3
)
(/usr/share/texlive/texmf-dist/tex/latex/base/alltt.sty
Package: alltt 2021/01/29 v2.0g defines alltt environment
)
(/usr/share/texlive/texmf-dist/tex/latex/upquote/upquote.sty
Package: upquote 2012/04/19 v1.3 upright-quote and grave-accent glyphs in verba
tim
)
(/usr/share/texlive/texmf-dist/tex/latex/needspace/needspace.sty
Package: needspace 2010/09/12 v1.3d reserve vertical space
)
\sphinxcontinuationbox=\box105
\sphinxvisiblespacebox=\box106
\sphinxVerbatim@TitleBox=\box107
\sphinxVerbatim@ContentsBox=\box108
)
(./sphinxlatexshadowbox.sty
File: sphinxlatexshadowbox.sty 2023/03/19 sphinxShadowBox
) (./sphinxlatexcontainers.sty
File: sphinxlatexcontainers.sty 2021/05/03 containers
)
(./sphinxhighlight.sty
Package: sphinxhighlight 2022/06/30 stylesheet for highlighting with pygments
) (./sphinxlatextables.sty
File: sphinxlatextables.sty 2022/08/15 tables

(/usr/share/texlive/texmf-dist/tex/latex/tabulary/tabulary.sty
Package: tabulary 2014/06/11 v0.10 tabulary package (DPC)

(/usr/share/texlive/texmf-dist/tex/latex/tools/array.sty
Package: array 2022/09/04 v2.5g Tabular extension package (FMi)
\col@sep=\dimen198
\ar@mcellbox=\box109
\extrarowheight=\dimen199
\NC@list=\toks28
\extratabsurround=\skip63
\backup@length=\skip64
\ar@cellbox=\box110
)
\TY@count=\count291
\TY@linewidth=\dimen256
\tymin=\dimen257
\tymax=\dimen258
\TY@tablewidth=\dimen259
)
(/usr/share/texlive/texmf-dist/tex/latex/tools/longtable.sty
Package: longtable 2021-09-01 v4.17 Multi-page Table package (DPC)
\LTleft=\skip65
\LTright=\skip66
\LTpre=\skip67
\LTpost=\skip68
\LTchunksize=\count292
\LTcapwidth=\dimen260
\LT@head=\box111
\LT@firsthead=\box112
\LT@foot=\box113
\LT@lastfoot=\box114
\LT@gbox=\box115
\LT@cols=\count293
\LT@rows=\count294
\c@LT@tables=\count295
\c@LT@chunks=\count296
\LT@p@ftn=\toks29
)
(/usr/share/texlive/texmf-dist/tex/latex/varwidth/varwidth.sty
Package: varwidth 2009/03/30 ver 0.92;  Variable-width minipages
\@vwid@box=\box116
\sift@deathcycles=\count297
\@vwid@loff=\dimen261
\@vwid@roff=\dimen262
)
\sphinx@TY@tablewidth=\dimen263

(/usr/share/texlive/texmf-dist/tex/latex/colortbl/colortbl.sty
Package: colortbl 2022/06/20 v1.0f Color table columns (DPC)
\everycr=\toks30
\minrowclearance=\skip69
\rownum=\count298
)
(/usr/share/texlive/texmf-dist/tex/latex/booktabs/booktabs.sty
Package: booktabs 2020/01/12 v1.61803398 Publication quality tables
\heavyrulewidth=\dimen264
\lightrulewidth=\dimen265
\cmidrulewidth=\dimen266
\belowrulesep=\dimen267
\belowbottomsep=\dimen268
\aboverulesep=\dimen269
\abovetopsep=\dimen270
\cmidrulesep=\dimen271
\cmidrulekern=\dimen272
\defaultaddspace=\dimen273
\@cmidla=\count299
\@cmidlb=\count300
\@aboverulesep=\dimen274
\@belowrulesep=\dimen275
\@thisruleclass=\count301
\@lastruleclass=\count302
\@thisrulewidth=\dimen276
))
(./sphinxlatexnumfig.sty
File: sphinxlatexnumfig.sty 2021/01/27 numbering
) (./sphinxlatexlists.sty
File: sphinxlatexlists.sty 2021/12/20 lists
\spx@lineitemlabel=\toks31
)
\c@sphinxscope=\count303
 (./sphinxpackagefootnote.sty
Package: sphinxpackagefootnote 2022/08/15 v5.3.0 Sphinx custom footnotehyper pa
ckage (Sphinx team)
\FNH@notes=\box117
\FNH@toks=\toks32
\FNH@width=\dimen277
\c@sphinxfootnotemark=\count304
) (./sphinxlatexindbibtoc.sty
File: sphinxlatexindbibtoc.sty 2021/01/27 index, bib., toc

(/usr/share/texlive/texmf-dist/tex/latex/base/makeidx.sty
Package: makeidx 2021/10/04 v1.0m Standard LaTeX package
))
(./sphinxlatexstylepage.sty
File: sphinxlatexstylepage.sty 2021/01/27 page styling

(/usr/share/texlive/texmf-dist/tex/latex/parskip/parskip.sty
Rollback for package 'parskip' requested -> version 'v1'.
         This corresponds to the release introduced on 2001-04-09.

(/usr/share/texlive/texmf-dist/tex/latex/parskip/parskip-2001-04-09.sty
Package: parskip 2001/04/09 non-zero parskip adjustments
))
(/usr/share/texlive/texmf-dist/tex/latex/fancyhdr/fancyhdr.sty
Package: fancyhdr 2022/11/09 v4.1 Extensive control of page headers and footers

\f@nch@headwidth=\skip70
\f@nch@O@elh=\skip71
\f@nch@O@erh=\skip72
\f@nch@O@olh=\skip73
\f@nch@O@orh=\skip74
\f@nch@O@elf=\skip75
\f@nch@O@erf=\skip76
\f@nch@O@olf=\skip77
\f@nch@O@orf=\skip78
))
(./sphinxlatexstyleheadings.sty
File: sphinxlatexstyleheadings.sty 2023/02/11 headings

(/usr/share/texlive/texmf-dist/tex/latex/titlesec/titlesec.sty
Package: titlesec 2021/07/05 v2.14 Sectioning titles
\ttl@box=\box118
\beforetitleunit=\skip79
\aftertitleunit=\skip80
\ttl@plus=\dimen278
\ttl@minus=\dimen279
\ttl@toksa=\toks33
\titlewidth=\dimen280
\titlewidthlast=\dimen281
\titlewidthfirst=\dimen282
))
(./sphinxlatexstyletext.sty
File: sphinxlatexstyletext.sty 2023/07/23 text styling
) (./sphinxlatexobjects.sty
File: sphinxlatexobjects.sty 2023/07/23 documentation environments
\sphinxsignaturesep=\skip81
\sphinxsignaturelistskip=\skip82
\py@argswidth=\skip83
\lineblockindentation=\skip84
\DUlineblockindent=\skip85
))
(/usr/share/texlive/texmf-dist/tex/latex/geometry/geometry.sty
Package: geometry 2020/01/02 v5.9 Page Geometry

(/usr/share/texlive/texmf-dist/tex/generic/iftex/ifvtex.sty
Package: ifvtex 2019/10/25 v1.7 ifvtex legacy package. Use iftex instead.

(/usr/share/texlive/texmf-dist/tex/generic/iftex/iftex.sty
Package: iftex 2022/02/03 v1.0f TeX engine tests
))
\Gm@cnth=\count305
\Gm@cntv=\count306
\c@Gm@tempcnt=\count307
\Gm@bindingoffset=\dimen283
\Gm@wd@mp=\dimen284
\Gm@odd@mp=\dimen285
\Gm@even@mp=\dimen286
\Gm@layoutwidth=\dimen287
\Gm@layoutheight=\dimen288
\Gm@layouthoffset=\dimen289
\Gm@layoutvoffset=\dimen290
\Gm@dimlist=\toks34
)
(/usr/share/texlive/texmf-dist/tex/latex/hyperref/hyperref.sty
Package: hyperref 2022-11-13 v7.00u Hypertext links for LaTeX

(/usr/share/texlive/texmf-dist/tex/generic/pdftexcmds/pdftexcmds.sty
Package: pdftexcmds 2020-06-27 v0.33 Utility functions of pdfTeX for LuaTeX (HO
)

(/usr/share/texlive/texmf-dist/tex/generic/infwarerr/infwarerr.sty
Package: infwarerr 2019/12/03 v1.5 Providing info/warning/error messages (HO)
)
Package pdftexcmds Info: \pdf@primitive is available.
Package pdftexcmds Info: \pdf@ifprimitive is available.
Package pdftexcmds Info: \pdfdraftmode found.
)
(/usr/share/texlive/texmf-dist/tex/generic/kvdefinekeys/kvdefinekeys.sty
Package: kvdefinekeys 2019-12-19 v1.6 Define keys (HO)
)
(/usr/share/texlive/texmf-dist/tex/generic/pdfescape/pdfescape.sty
Package: pdfescape 2019/12/09 v1.15 Implements pdfTeX's escape features (HO)
)
(/usr/share/texlive/texmf-dist/tex/latex/hycolor/hycolor.sty
Package: hycolor 2020-01-27 v1.10 Color options for hyperref/bookmark (HO)
)
(/usr/share/texlive/texmf-dist/tex/latex/letltxmacro/letltxmacro.sty
Package: letltxmacro 2019/12/03 v1.6 Let assignment for LaTeX macros (HO)
)
(/usr/share/texlive/texmf-dist/tex/latex/auxhook/auxhook.sty
Package: auxhook 2019-12-17 v1.6 Hooks for auxiliary files (HO)
)
(/usr/share/texlive/texmf-dist/tex/latex/hyperref/nameref.sty
Package: nameref 2022-05-17 v2.50 Cross-referencing by name of section

(/usr/share/texlive/texmf-dist/tex/latex/refcount/refcount.sty
Package: refcount 2019/12/15 v3.6 Data extraction from label references (HO)
)
(/usr/share/texlive/texmf-dist/tex/generic/gettitlestring/gettitlestring.sty
Package: gettitlestring 2019/12/15 v1.6 Cleanup title references (HO)
)
\c@section@level=\count308
)
\@linkdim=\dimen291
\Hy@linkcounter=\count309
\Hy@pagecounter=\count310

(/usr/share/texlive/texmf-dist/tex/latex/hyperref/pd1enc.def
File: pd1enc.def 2022-11-13 v7.00u Hyperref: PDFDocEncoding definition (HO)
Now handling font encoding PD1 ...
... no UTF-8 mapping file for font encoding PD1
)
(/usr/share/texlive/texmf-dist/tex/generic/intcalc/intcalc.sty
Package: intcalc 2019/12/15 v1.3 Expandable calculations with integers (HO)
)
(/usr/share/texlive/texmf-dist/tex/generic/etexcmds/etexcmds.sty
Package: etexcmds 2019/12/15 v1.7 Avoid name clashes with e-TeX commands (HO)
)
\Hy@SavedSpaceFactor=\count311

(/usr/share/texlive/texmf-dist/tex/latex/hyperref/puenc.def
File: puenc.def 2022-11-13 v7.00u Hyperref: PDF Unicode definition (HO)
Now handling font encoding PU ...
... no UTF-8 mapping file for font encoding PU
)
Package hyperref Info: Option `unicode' set `true' on input line 4045.
Package hyperref Info: Option `colorlinks' set `true' on input line 4045.
Package hyperref Info: Option `breaklinks' set `true' on input line 4045.
Package hyperref Info: Hyper figures OFF on input line 4162.
Package hyperref Info: Link nesting OFF on input line 4167.
Package hyperref Info: Hyper index ON on input line 4170.
Package hyperref Info: Plain pages OFF on input line 4177.
Package hyperref Info: Backreferencing OFF on input line 4182.
Package hyperref Info: Implicit mode ON; LaTeX internals redefined.
Package hyperref Info: Bookmarks ON on input line 4410.
\c@Hy@tempcnt=\count312

(/usr/share/texlive/texmf-dist/tex/latex/url/url.sty
\Urlmuskip=\muskip17
Package: url 2013/09/16  ver 3.4  Verb mode for urls, etc.
)
LaTeX Info: Redefining \url on input line 4748.
\XeTeXLinkMargin=\dimen292

(/usr/share/texlive/texmf-dist/tex/generic/bitset/bitset.sty
Package: bitset 2019/12/09 v1.3 Handle bit-vector datatype (HO)

(/usr/share/texlive/texmf-dist/tex/generic/bigintcalc/bigintcalc.sty
Package: bigintcalc 2019/12/15 v1.5 Expandable calculations on big integers (HO
)
))
\Fld@menulength=\count313
\Field@Width=\dimen293
\Fld@charsize=\dimen294
Package hyperref Info: Hyper figures OFF on input line 6027.
Package hyperref Info: Link nesting OFF on input line 6032.
Package hyperref Info: Hyper index ON on input line 6035.
Package hyperref Info: backreferencing OFF on input line 6042.
Package hyperref Info: Link coloring ON on input line 6045.
Package hyperref Info: Link coloring with OCG OFF on input line 6052.
Package hyperref Info: PDF/A mode OFF on input line 6057.

(/usr/share/texlive/texmf-dist/tex/latex/base/atbegshi-ltx.sty
Package: atbegshi-ltx 2021/01/10 v1.0c Emulation of the original atbegshi
package with kernel methods
)
\Hy@abspage=\count314
\c@Item=\count315
\c@Hfootnote=\count316
)
Package hyperref Info: Driver (autodetected): hpdftex.

(/usr/share/texlive/texmf-dist/tex/latex/hyperref/hpdftex.def
File: hpdftex.def 2022-11-13 v7.00u Hyperref driver for pdfTeX

(/usr/share/texlive/texmf-dist/tex/latex/base/atveryend-ltx.sty
Package: atveryend-ltx 2020/08/19 v1.0a Emulation of the original atveryend pac
kage
with kernel methods
)
\Fld@listcount=\count317
\c@bookmark@seq@number=\count318

(/usr/share/texlive/texmf-dist/tex/latex/rerunfilecheck/rerunfilecheck.sty
Package: rerunfilecheck 2022-07-10 v1.10 Rerun checks for auxiliary files (HO)

(/usr/share/texlive/texmf-dist/tex/generic/uniquecounter/uniquecounter.sty
Package: uniquecounter 2019/12/15 v1.4 Provide unlimited unique counter (HO)
)
Package uniquecounter Info: New unique counter `rerunfilecheck' on input line 2
85.
)
\Hy@SectionHShift=\skip86
)
(/usr/share/texlive/texmf-dist/tex/latex/oberdiek/hypcap.sty
Package: hypcap 2016/05/16 v1.12 Adjusting the anchors of captions (HO)
)
(./sphinxmessages.sty
Package: sphinxmessages 2019/01/04 v2.0 Localized LaTeX macros (Sphinx team)
)
\@indexfile=\write4
\openout4 = `aliro_actuator.idx'.


Writing index file aliro_actuator.idx
LaTeX Font Info:    Trying to load font information for T1+qtm on input line 73
.
(/usr/share/texmf/tex/latex/tex-gyre/t1qtm.fd
File: t1qtm.fd 2009/09/25 v1.2 font definition file for T1/qtm
)
(/usr/share/texlive/texmf-dist/tex/latex/l3backend/l3backend-pdftex.def
File: l3backend-pdftex.def 2023-01-16 L3 backend support: PDF output (pdfTeX)
\l__color_backend_stack_int=\count319
\l__pdf_internal_box=\box119
)
(./aliro_actuator.aux)
\openout1 = `aliro_actuator.aux'.

LaTeX Font Info:    Checking defaults for OML/cmm/m/it on input line 73.
LaTeX Font Info:    ... okay on input line 73.
LaTeX Font Info:    Checking defaults for OMS/cmsy/m/n on input line 73.
LaTeX Font Info:    ... okay on input line 73.
LaTeX Font Info:    Checking defaults for OT1/cmr/m/n on input line 73.
LaTeX Font Info:    ... okay on input line 73.
LaTeX Font Info:    Checking defaults for T1/cmr/m/n on input line 73.
LaTeX Font Info:    ... okay on input line 73.
LaTeX Font Info:    Checking defaults for TS1/cmr/m/n on input line 73.
LaTeX Font Info:    ... okay on input line 73.
LaTeX Font Info:    Checking defaults for OMX/cmex/m/n on input line 73.
LaTeX Font Info:    ... okay on input line 73.
LaTeX Font Info:    Checking defaults for U/cmr/m/n on input line 73.
LaTeX Font Info:    ... okay on input line 73.
LaTeX Font Info:    Checking defaults for PD1/pdf/m/n on input line 73.
LaTeX Font Info:    ... okay on input line 73.
LaTeX Font Info:    Checking defaults for PU/pdf/m/n on input line 73.
LaTeX Font Info:    ... okay on input line 73.

(/usr/share/texlive/texmf-dist/tex/context/base/mkii/supp-pdf.mkii
[Loading MPS to PDF converter (version 2006.09.02).]
\scratchcounter=\count320
\scratchdimen=\dimen295
\scratchbox=\box120
\nofMPsegments=\count321
\nofMParguments=\count322
\everyMPshowfont=\toks35
\MPscratchCnt=\count323
\MPscratchDim=\dimen296
\MPnumerator=\count324
\makeMPintoPDFobject=\count325
\everyMPtoPDFconversion=\toks36
) (/usr/share/texlive/texmf-dist/tex/latex/epstopdf-pkg/epstopdf-base.sty
Package: epstopdf-base 2020-01-24 v2.11 Base part for package epstopdf
Package epstopdf-base Info: Redefining graphics rule for `.eps' on input line 4
85.

(/usr/share/texlive/texmf-dist/tex/latex/latexconfig/epstopdf-sys.cfg
File: epstopdf-sys.cfg 2010/07/13 v1.3 Configuration of (r)epstopdf for TeX Liv
e
))
\c@literalblock=\count326

*geometry* driver: auto-detecting
*geometry* detected driver: pdftex
*geometry* verbose mode - [ preamble ] result:
* driver: pdftex
* paper: letterpaper
* layout: <same size as paper>
* layoutoffset:(h,v)=(0.0pt,0.0pt)
* modes: twoside 
* h-part:(L,W,R)=(72.26999pt, 469.75502pt, 72.26999pt)
* v-part:(T,H,B)=(72.26999pt, 650.43001pt, 72.26999pt)
* \paperwidth=614.295pt
* \paperheight=794.96999pt
* \textwidth=469.75502pt
* \textheight=650.43001pt
* \oddsidemargin=0.0pt
* \evensidemargin=0.0pt
* \topmargin=-37.0pt
* \headheight=12.0pt
* \headsep=25.0pt
* \topskip=10.0pt
* \footskip=30.0pt
* \marginparwidth=36.135pt
* \marginparsep=11.0pt
* \columnsep=10.0pt
* \skip\footins=9.0pt plus 4.0pt minus 2.0pt
* \hoffset=0.0pt
* \voffset=0.0pt
* \mag=1000
* \@twocolumnfalse
* \@twosidetrue
* \@mparswitchtrue
* \@reversemarginfalse
* (1in=72.27pt=25.4mm, 1cm=28.453pt)

Package hyperref Info: Link coloring ON on input line 73.
(./aliro_actuator.out) (./aliro_actuator.out)
\@outlinefile=\write5
\openout5 = `aliro_actuator.out'.

Package hyperref Info: Option `pageanchor' set `false' on input line 81.
LaTeX Font Info:    Trying to load font information for T1+qhv on input line 81
.

(/usr/share/texmf/tex/latex/tex-gyre/t1qhv.fd
File: t1qhv.fd 2009/09/25 v1.2 font definition file for T1/qhv
)<<ot1.cmap>><<oml.cmap>><<oms.cmap>><<omx.cmap>>
LaTeX Font Info:    Trying to load font information for U+msa on input line 81.

 (/usr/share/texlive/texmf-dist/tex/latex/amsfonts/umsa.fd
File: umsa.fd 2013/01/14 v3.01 AMS symbols A
)
LaTeX Font Info:    Trying to load font information for U+msb on input line 81.


(/usr/share/texlive/texmf-dist/tex/latex/amsfonts/umsb.fd
File: umsb.fd 2013/01/14 v3.01 AMS symbols B
) [1

{/var/lib/texmf/fonts/map/pdftex/updmap/pdftex.map}] [2


] (./aliro_actuator.toc)
\tf@toc=\write6
\openout6 = `aliro_actuator.toc'.

 [1

] [2

]
LaTeX Font Info:    Trying to load font information for T1+txtt on input line 9
5.

(/usr/share/texlive/texmf-dist/tex/latex/txfonts/t1txtt.fd
File: t1txtt.fd 2000/12/15 v3.1
)
LaTeX Font Info:    Font shape `T1/txtt/m/it' in size <10> not available
(Font)              Font shape `T1/txtt/m/sl' tried instead on input line 95.
 [1] [2

]
Chapter 1.
[3] [4

]
Chapter 2.
[5] [6

]
Chapter 3.
LaTeX Font Info:    Font shape `T1/txtt/b/n' in size <10> not available
(Font)              Font shape `T1/txtt/bx/n' tried instead on input line 193.
[7] [8] [9] [10] [11]
Underfull \hbox (badness 10000) in paragraph at lines 1070--1079
[]\T1/qtm/m/n/10 cre-ates the fol-low-ing at-tributes: compl_aid: bytes pro-pri
-etary_tlv: TLV type: bytes ex-
 []


Underfull \hbox (badness 10000) in paragraph at lines 1070--1079
\T1/qtm/m/n/10 pe-dited_phase_supported_protocol_versions: bytes max-i-mum_comm
and_apdu: int max-i-
 []

[12]
Overfull \hbox (20.78372pt too wide) in paragraph at lines 1446--1446
[]\T1/qtm/m/it/10 reader_identifier: 
 []


Overfull \hbox (8.85374pt too wide) in paragraph at lines 1446--1446
\T1/qtm/m/it/10 reader_epubk: 
 []


Overfull \hbox (9.98373pt too wide) in paragraph at lines 1446--1446
\T1/qtm/m/it/10 tion_identifier: 
 []

[13] [14] [15]
LaTeX Font Info:    Trying to load font information for TS1+txtt on input line 
1.
 (/usr/share/texlive/texmf-dist/tex/latex/txfonts/ts1txtt.fd
File: ts1txtt.fd 2000/12/15 v3.1
)
LaTeX Font Info:    Font shape `TS1/txtt/b/n' in size <10> not available
(Font)              Font shape `TS1/txtt/bx/n' tried instead on input line 1.

[16]
LaTeX Font Info:    Trying to load font information for TS1+qtm on input line 2
367.
 (/usr/share/texmf/tex/latex/tex-gyre/ts1qtm.fd
File: ts1qtm.fd 2009/09/25 v1.2 font definition file for TS1/qtm
) [17]
Overfull \hbox (86.26385pt too wide) in paragraph at lines 2451--2451
\T1/qtm/m/it/10 dited_phase_supported_protocol_versions: 
 []


Overfull \hbox (5.18387pt too wide) in paragraph at lines 2451--2451
\T1/qtm/m/it/10 mum_command_apdu: 
 []


Overfull \hbox (1.55385pt too wide) in paragraph at lines 2451--2451
\T1/qtm/m/it/10 mum_response_apdu: 
 []

[18] [19] [20] [21]
Overfull \hbox (85.8442pt too wide) in paragraph at lines 3073--3073
\T1/qtm/m/it/10 b\TS1/qtm/m/it/10 '\T1/qtm/m/it/10 \x00\x00\x00\x00\x00\x00\x00
\x00\x00\x00\x00\x00\x00\x00\x00\x00\TS1/qtm/m/it/10 '\T1/qtm/m/n/10 , 
 []

[22] [23] [24] [25] [26] [27] [28] [29]
Overfull \hbox (133.09406pt too wide) in paragraph at lines 4333--4333
\T1/qtm/m/it/10 b\TS1/qtm/m/it/10 '\T1/qtm/m/it/10 \x00\x00\x00\x00\x00\x00\x00
\x00\x00\x00\x00\x00\x00\x00\x00\x00\TS1/qtm/m/it/10 '\T1/qtm/m/n/10 , 
 []

[30] [31] [32] [33] [34] [35]
Overfull \hbox (23.40372pt too wide) in paragraph at lines 5446--5446
[]\T1/qtm/m/it/10 error_message: 
 []

[36] [37] [38]
Overfull \hbox (0.63454pt too wide) in paragraph at lines 5991--5991
\T1/qtm/m/it/10 b\TS1/qtm/m/it/10 '\T1/qtm/m/it/10 \x00\x00\x00\x00\x00\x00\x00
\x00\x00\x00\x00\x00\x00\x00\x00\x00\TS1/qtm/m/it/10 '\T1/qtm/m/n/10 , 
 []


Overfull \hbox (0.63454pt too wide) in paragraph at lines 5991--5991
\T1/qtm/m/it/10 b\TS1/qtm/m/it/10 '\T1/qtm/m/it/10 \x00\x00\x00\x00\x00\x00\x00
\x00\x00\x00\x00\x00\x00\x00\x00\x00\TS1/qtm/m/it/10 '\T1/qtm/m/n/10 , 
 []


Overfull \hbox (0.63454pt too wide) in paragraph at lines 5991--5991
\T1/qtm/m/it/10 b\TS1/qtm/m/it/10 '\T1/qtm/m/it/10 \x00\x00\x00\x00\x00\x00\x00
\x00\x00\x00\x00\x00\x00\x00\x00\x00\TS1/qtm/m/it/10 '\T1/qtm/m/n/10 , 
 []

[39] [40] [41] [42] [43] [44]
Chapter 4.
[45

] [46

]
Overfull \hbox (24.62177pt too wide) in paragraph at lines 6812--6813
[]\T1/txtt/m/n/10 aliro_actuator.access_document.access_credential\T1/qtm/m/n/1
0 ,
 []


Overfull \hbox (35.12173pt too wide) in paragraph at lines 6814--6815
[]\T1/txtt/m/n/10 aliro_actuator.access_document.revocation_document\T1/qtm/m/n
/10 ,
 []


Overfull \hbox (8.87181pt too wide) in paragraph at lines 6817--6818
[]\T1/txtt/m/n/10 aliro_actuator.access_protocol.authentication\T1/qtm/m/n/10 ,

 []


Underfull \hbox (badness 10000) in paragraph at lines 6824--6825
[]\T1/txtt/m/n/10 aliro_actuator.access_protocol.user_device\T1/qtm/m/n/10 ,
 []


Underfull \hbox (badness 10000) in paragraph at lines 6827--6828
[]\T1/txtt/m/n/10 aliro_actuator.hw_driver.pn7160_driver.api\T1/qtm/m/n/10 ,
 []


Overfull \hbox (8.87181pt too wide) in paragraph at lines 6828--6829
[]\T1/txtt/m/n/10 aliro_actuator.hw_driver.pn7160_driver.errors\T1/qtm/m/n/10 ,

 []


Overfull \hbox (24.62177pt too wide) in paragraph at lines 6836--6837
[]\T1/txtt/m/n/10 aliro_actuator.trust_framework.access_credential\T1/qtm/m/n/1
0 ,
 []


Underfull \hbox (badness 10000) in paragraph at lines 6837--6838
[]\T1/txtt/m/n/10 aliro_actuator.trust_framework.certificate\T1/qtm/m/n/10 ,
 []


Overfull \hbox (24.62177pt too wide) in paragraph at lines 6840--6841
[]\T1/txtt/m/n/10 aliro_actuator.trust_framework.reader_identifier\T1/qtm/m/n/1
0 ,
 []

[47


] (./aliro_actuator.ind [48


]
Underfull \hbox (badness 10000) in paragraph at lines 8--10
[]\T1/txtt/m/n/10 AccessCredential \T1/qtm/m/n/10 (\T1/qtm/m/it/10 class in
 []


Overfull \hbox (16.09741pt too wide) in paragraph at lines 8--10
\T1/qtm/m/it/10 aliro_actuator.trust_framework.access_credential\T1/qtm/m/n/10 
),
 []


Underfull \hbox (badness 10000) in paragraph at lines 10--12
[]\T1/txtt/m/n/10 AccessDocument \T1/qtm/m/n/10 (\T1/qtm/m/it/10 class in
 []


Overfull \hbox (19.85747pt too wide) in paragraph at lines 10--12
\T1/qtm/m/it/10 aliro_actuator.access_document.access_credential\T1/qtm/m/n/10 
),
 []


Overfull \hbox (78.20222pt too wide) in paragraph at lines 13--15
[]\T1/txtt/m/n/10 add_kpersistent() \T1/qtm/m/n/10 (\T1/qtm/m/it/10 aliro_actua
tor.access_protocol.reader.ReaderStorage
 []


Overfull \hbox (91.01224pt too wide) in paragraph at lines 15--17
[]\T1/txtt/m/n/10 add_kpersistent() \T1/qtm/m/n/10 (\T1/qtm/m/it/10 aliro_actua
tor.access_protocol.user_device.UserStorage
 []


Overfull \hbox (62.44235pt too wide) in paragraph at lines 17--19
[]\T1/txtt/m/n/10 add_set() \T1/qtm/m/n/10 (\T1/qtm/m/it/10 aliro_actuator.acce
ss_protocol.user_device.MailboxSession
 []


Underfull \hbox (badness 10000) in paragraph at lines 19--21
[]\T1/txtt/m/n/10 add_value() \T1/qtm/m/n/10 (\T1/qtm/m/it/10 aliro_actuator.ac
cess_protocol.tlv.TLV
 []


Overfull \hbox (72.94232pt too wide) in paragraph at lines 21--23
[]\T1/txtt/m/n/10 add_write() \T1/qtm/m/n/10 (\T1/qtm/m/it/10 aliro_actuator.ac
cess_protocol.user_device.MailboxSession
 []


Underfull \hbox (badness 10000) in paragraph at lines 23--25
[]\T1/txtt/m/n/10 AID_LEN \T1/qtm/m/n/10 (\T1/qtm/m/it/10 aliro_actuator.access
_protocol.defines.Select
 []


Underfull \hbox (badness 10000) in paragraph at lines 25--27
[]\T1/txtt/m/n/10 AID_TAG \T1/qtm/m/n/10 (\T1/qtm/m/it/10 aliro_actuator.access
_protocol.defines.Select
 []


Overfull \hbox (22.12177pt too wide) in paragraph at lines 31--32
[]\T1/txtt/m/n/10 aliro_actuator.access_document.access_credential 
 []


Overfull \hbox (32.62173pt too wide) in paragraph at lines 35--36
[]\T1/txtt/m/n/10 aliro_actuator.access_document.revocation_document 
 []


Overfull \hbox (6.37181pt too wide) in paragraph at lines 41--42
[]\T1/txtt/m/n/10 aliro_actuator.access_protocol.authentication 
 []


Overfull \hbox (6.37181pt too wide) in paragraph at lines 63--64
[]\T1/txtt/m/n/10 aliro_actuator.hw_driver.pn7160_driver.errors 
 []


Overfull \hbox (22.12177pt too wide) in paragraph at lines 79--80
[]\T1/txtt/m/n/10 aliro_actuator.trust_framework.access_credential 
 []


Overfull \hbox (22.12177pt too wide) in paragraph at lines 87--88
[]\T1/txtt/m/n/10 aliro_actuator.trust_framework.reader_identifier 
 []

[49

]
Overfull \hbox (16.09232pt too wide) in paragraph at lines 92--94
[]\T1/txtt/m/n/10 as_bytes() \T1/qtm/m/n/10 (\T1/qtm/m/it/10 aliro_actuator.tru
st_framework.key.PrivateKey
 []


Overfull \hbox (13.16231pt too wide) in paragraph at lines 94--96
[]\T1/txtt/m/n/10 as_bytes() \T1/qtm/m/n/10 (\T1/qtm/m/it/10 aliro_actuator.tru
st_framework.key.PublicKey
 []


Overfull \hbox (90.7923pt too wide) in paragraph at lines 96--98
[]\T1/txtt/m/n/10 as_bytes() \T1/qtm/m/n/10 (\T1/qtm/m/it/10 aliro_actuator.tru
st_framework.reader_identifier.ReaderIdentifier
 []


Overfull \hbox (5.59235pt too wide) in paragraph at lines 98--100
[]\T1/txtt/m/n/10 as_pem() \T1/qtm/m/n/10 (\T1/qtm/m/it/10 aliro_actuator.trust
_framework.key.PrivateKey
 []


Overfull \hbox (2.66234pt too wide) in paragraph at lines 100--102
[]\T1/txtt/m/n/10 as_pem() \T1/qtm/m/n/10 (\T1/qtm/m/it/10 aliro_actuator.trust
_framework.key.PublicKey
 []


Underfull \hbox (badness 10000) in paragraph at lines 102--104
[]\T1/txtt/m/n/10 AUTH0 \T1/qtm/m/n/10 (\T1/qtm/m/it/10 aliro_actuator.access_p
rotocol.apdu.INS at-
 []


Overfull \hbox (100.05147pt too wide) in paragraph at lines 106--108
[]\T1/txtt/m/n/10 AUTH0_FAST_DONE \T1/qtm/m/n/10 (\T1/qtm/m/it/10 aliro_actuato
r.access_protocol.user_device.UserSessionState
 []


Overfull \hbox (94.80148pt too wide) in paragraph at lines 108--110
[]\T1/txtt/m/n/10 AUTH0_STD_DONE \T1/qtm/m/n/10 (\T1/qtm/m/it/10 aliro_actuator
.access_protocol.user_device.UserSessionState
 []


Underfull \hbox (badness 10000) in paragraph at lines 110--112
[]\T1/txtt/m/n/10 AUTH1 \T1/qtm/m/n/10 (\T1/qtm/m/it/10 aliro_actuator.access_p
rotocol.apdu.INS at-
 []


Overfull \hbox (73.80154pt too wide) in paragraph at lines 114--116
[]\T1/txtt/m/n/10 AUTH1_DONE \T1/qtm/m/n/10 (\T1/qtm/m/it/10 aliro_actuator.acc
ess_protocol.user_device.UserSessionState
 []


Underfull \hbox (badness 10000) in paragraph at lines 116--118
[]\T1/txtt/m/n/10 Auth1Response \T1/qtm/m/n/10 (\T1/qtm/m/it/10 class in
 []


Overfull \hbox (42.43153pt too wide) in paragraph at lines 121--123
[]\T1/txtt/m/n/10 BLE_UWB \T1/qtm/m/n/10 (\T1/qtm/m/it/10 aliro_actuator.access
_protocol.defines.TransportProtocol
 []


Overfull \hbox (15.22156pt too wide) in paragraph at lines 123--125
[]\T1/txtt/m/n/10 BLEUWB \T1/qtm/m/n/10 (\T1/qtm/m/it/10 class in aliro_actuato
r.transport_protocol.ble_uwb\T1/qtm/m/n/10 ),
 []


Underfull \hbox (badness 10000) in paragraph at lines 128--130
[]\T1/txtt/m/n/10 can_retrieve_access_credential()
 []


Overfull \hbox (27.1225pt too wide) in paragraph at lines 128--130
\T1/qtm/m/n/10 (\T1/qtm/m/it/10 aliro_actuator.access_protocol.reader.ReaderSes
sion
 []


Underfull \hbox (badness 10000) in paragraph at lines 130--132
[]\T1/txtt/m/n/10 can_retrieve_revocation_document()
 []


Overfull \hbox (27.1225pt too wide) in paragraph at lines 130--132
\T1/qtm/m/n/10 (\T1/qtm/m/it/10 aliro_actuator.access_protocol.reader.ReaderSes
sion
 []


Underfull \hbox (badness 10000) in paragraph at lines 132--134
[]\T1/txtt/m/n/10 Certificate \T1/qtm/m/n/10 (\T1/qtm/m/it/10 class in
 []


Underfull \hbox (badness 10000) in paragraph at lines 132--134
\T1/qtm/m/it/10 aliro_actuator.trust_framework.certificate\T1/qtm/m/n/10 ),
 []


Overfull \hbox (34.71144pt too wide) in paragraph at lines 134--136
[]\T1/txtt/m/n/10 CERTIFICATE_TAG \T1/qtm/m/n/10 (\T1/qtm/m/it/10 aliro_actuato
r.access_protocol.defines.Auth1
 []


Overfull \hbox (63.85219pt too wide) in paragraph at lines 137--139
[]\T1/txtt/m/n/10 check_boundaries() \T1/qtm/m/n/10 (\T1/qtm/m/it/10 aliro_actu
ator.access_protocol.mailbox.Mailbox
 []


Underfull \hbox (badness 10000) in paragraph at lines 139--141
[]\T1/txtt/m/n/10 check_counters_valid()
 []


Overfull \hbox (58.57253pt too wide) in paragraph at lines 139--141
\T1/qtm/m/n/10 (\T1/qtm/m/it/10 aliro_actuator.access_protocol.encryption.Encry
ptionEngine
 []


Underfull \hbox (badness 10000) in paragraph at lines 141--143
[]\T1/txtt/m/n/10 check_reader_authentication_data()
 []


Overfull \hbox (37.69252pt too wide) in paragraph at lines 141--143
\T1/qtm/m/n/10 (\T1/qtm/m/it/10 aliro_actuator.access_protocol.user_device.User
Device
 []


Underfull \hbox (badness 10000) in paragraph at lines 143--145
[]\T1/txtt/m/n/10 check_user_device_authentication()
 []


Overfull \hbox (27.1225pt too wide) in paragraph at lines 143--145
\T1/qtm/m/n/10 (\T1/qtm/m/it/10 aliro_actuator.access_protocol.reader.ReaderSes
sion
 []


Underfull \hbox (badness 10000) in paragraph at lines 145--147
[]\T1/txtt/m/n/10 clear_kpersistent()
 []


Overfull \hbox (27.28249pt too wide) in paragraph at lines 145--147
\T1/qtm/m/n/10 (\T1/qtm/m/it/10 aliro_actuator.access_protocol.reader.ReaderSto
rage
 []


Underfull \hbox (badness 10000) in paragraph at lines 147--149
[]\T1/txtt/m/n/10 clear_kpersistent()
 []


Overfull \hbox (40.0925pt too wide) in paragraph at lines 147--149
\T1/qtm/m/n/10 (\T1/qtm/m/it/10 aliro_actuator.access_protocol.user_device.User
Storage
 []


Overfull \hbox (37.54227pt too wide) in paragraph at lines 150--152
[]\T1/txtt/m/n/10 command_auth0() \T1/qtm/m/n/10 (\T1/qtm/m/it/10 aliro_actuato
r.access_protocol.reader.Reader
 []


Overfull \hbox (37.54227pt too wide) in paragraph at lines 152--154
[]\T1/txtt/m/n/10 command_auth1() \T1/qtm/m/n/10 (\T1/qtm/m/it/10 aliro_actuato
r.access_protocol.reader.Reader
 []


Underfull \hbox (badness 10000) in paragraph at lines 154--156
[]\T1/txtt/m/n/10 command_control_flow()
 []


Underfull \hbox (badness 10000) in paragraph at lines 154--156
\T1/qtm/m/n/10 (\T1/qtm/m/it/10 aliro_actuator.access_protocol.reader.Reader
 []


Overfull \hbox (53.29222pt too wide) in paragraph at lines 156--158
[]\T1/txtt/m/n/10 command_envelope() \T1/qtm/m/n/10 (\T1/qtm/m/it/10 aliro_actu
ator.access_protocol.reader.Reader
 []


Overfull \hbox (53.29222pt too wide) in paragraph at lines 158--160
[]\T1/txtt/m/n/10 command_exchange() \T1/qtm/m/n/10 (\T1/qtm/m/it/10 aliro_actu
ator.access_protocol.reader.Reader
 []


Underfull \hbox (badness 10000) in paragraph at lines 160--162
[]\T1/txtt/m/n/10 command_get_response()
 []


Underfull \hbox (badness 10000) in paragraph at lines 160--162
\T1/qtm/m/n/10 (\T1/qtm/m/it/10 aliro_actuator.access_protocol.reader.Reader
 []


Overfull \hbox (13.7115pt too wide) in paragraph at lines 162--164
[]\T1/txtt/m/n/10 COMMAND_LEN \T1/qtm/m/n/10 (\T1/qtm/m/it/10 aliro_actuator.ac
cess_protocol.defines.Auth0
 []


Overfull \hbox (13.7115pt too wide) in paragraph at lines 164--166
[]\T1/txtt/m/n/10 COMMAND_LEN \T1/qtm/m/n/10 (\T1/qtm/m/it/10 aliro_actuator.ac
cess_protocol.defines.Auth1
 []


Underfull \hbox (badness 10000) in paragraph at lines 166--168
[]\T1/txtt/m/n/10 command_load_cert()
 []


Underfull \hbox (badness 10000) in paragraph at lines 166--168
\T1/qtm/m/n/10 (\T1/qtm/m/it/10 aliro_actuator.access_protocol.reader.Reader
 []


Underfull \hbox (badness 10000) in paragraph at lines 168--170
[]\T1/txtt/m/n/10 COMMAND_NOT_ALLOWED
 []


Overfull \hbox (8.54251pt too wide) in paragraph at lines 168--170
\T1/qtm/m/n/10 (\T1/qtm/m/it/10 aliro_actuator.access_protocol.apdu.StatusBytes

 []


Underfull \hbox (badness 10000) in paragraph at lines 170--172
[]\T1/txtt/m/n/10 COMMAND_NOT_COMPLIANT
 []


Overfull \hbox (8.54251pt too wide) in paragraph at lines 170--172
\T1/qtm/m/n/10 (\T1/qtm/m/it/10 aliro_actuator.access_protocol.apdu.StatusBytes

 []


Overfull \hbox (42.79225pt too wide) in paragraph at lines 172--174
[]\T1/txtt/m/n/10 command_select() \T1/qtm/m/n/10 (\T1/qtm/m/it/10 aliro_actuat
or.access_protocol.reader.Reader
 []


Overfull \hbox (13.7115pt too wide) in paragraph at lines 174--176
[]\T1/txtt/m/n/10 COMMAND_TAG \T1/qtm/m/n/10 (\T1/qtm/m/it/10 aliro_actuator.ac
cess_protocol.defines.Auth0
 []


Overfull \hbox (13.7115pt too wide) in paragraph at lines 176--178
[]\T1/txtt/m/n/10 COMMAND_TAG \T1/qtm/m/n/10 (\T1/qtm/m/it/10 aliro_actuator.ac
cess_protocol.defines.Auth1
 []


Underfull \hbox (badness 10000) in paragraph at lines 178--180
[]\T1/txtt/m/n/10 compute_cryptogram() \T1/qtm/m/n/10 (\T1/qtm/m/it/10 in mod-u
le
 []


Underfull \hbox (badness 10000) in paragraph at lines 180--182
[]\T1/txtt/m/n/10 compute_shared_key()
 []


Overfull \hbox (1.92247pt too wide) in paragraph at lines 180--182
\T1/qtm/m/n/10 (\T1/qtm/m/it/10 aliro_actuator.trust_framework.key.PrivateKey
 []


Underfull \hbox (badness 10000) in paragraph at lines 182--184
[]\T1/txtt/m/n/10 CONDITIONS_OF_USE_NOT_SATISFIED
 []


Overfull \hbox (8.54251pt too wide) in paragraph at lines 182--184
\T1/qtm/m/n/10 (\T1/qtm/m/it/10 aliro_actuator.access_protocol.apdu.StatusBytes

 []

[50]
Overfull \hbox (2.40149pt too wide) in paragraph at lines 185--187
[]\T1/txtt/m/n/10 CONTROL_FLOW \T1/qtm/m/n/10 (\T1/qtm/m/it/10 aliro_actuator.a
ccess_protocol.apdu.INS
 []


Underfull \hbox (badness 10000) in paragraph at lines 187--189
[]\T1/txtt/m/n/10 ControlFlow \T1/qtm/m/n/10 (\T1/qtm/m/it/10 class in
 []


Underfull \hbox (badness 10000) in paragraph at lines 189--191
[]\T1/txtt/m/n/10 create_auth0_command()
 []


Underfull \hbox (badness 10000) in paragraph at lines 189--191
\T1/qtm/m/n/10 (\T1/qtm/m/it/10 aliro_actuator.access_protocol.apdu.APDU
 []


Underfull \hbox (badness 10000) in paragraph at lines 191--193
[]\T1/txtt/m/n/10 create_auth0_response()
 []


Underfull \hbox (badness 10000) in paragraph at lines 191--193
\T1/qtm/m/n/10 (\T1/qtm/m/it/10 aliro_actuator.access_protocol.apdu.APDU
 []


Underfull \hbox (badness 10000) in paragraph at lines 193--195
[]\T1/txtt/m/n/10 create_auth1_command()
 []


Underfull \hbox (badness 10000) in paragraph at lines 193--195
\T1/qtm/m/n/10 (\T1/qtm/m/it/10 aliro_actuator.access_protocol.apdu.APDU
 []


Underfull \hbox (badness 10000) in paragraph at lines 195--197
[]\T1/txtt/m/n/10 create_auth1_response()
 []


Underfull \hbox (badness 10000) in paragraph at lines 195--197
\T1/qtm/m/n/10 (\T1/qtm/m/it/10 aliro_actuator.access_protocol.apdu.APDU
 []


Overfull \hbox (35.06226pt too wide) in paragraph at lines 197--199
[]\T1/txtt/m/n/10 create_command() \T1/qtm/m/n/10 (\T1/qtm/m/it/10 aliro_actuat
or.access_protocol.apdu.APDU
 []


Underfull \hbox (badness 10000) in paragraph at lines 199--201
[]\T1/txtt/m/n/10 create_control_flow_command()
 []


Underfull \hbox (badness 10000) in paragraph at lines 199--201
\T1/qtm/m/n/10 (\T1/qtm/m/it/10 aliro_actuator.access_protocol.apdu.APDU
 []


Underfull \hbox (badness 10000) in paragraph at lines 201--203
[]\T1/txtt/m/n/10 create_control_flow_response()
 []


Underfull \hbox (badness 10000) in paragraph at lines 201--203
\T1/qtm/m/n/10 (\T1/qtm/m/it/10 aliro_actuator.access_protocol.apdu.APDU
 []


Underfull \hbox (badness 10000) in paragraph at lines 203--205
[]\T1/txtt/m/n/10 create_envelope_command()
 []


Underfull \hbox (badness 10000) in paragraph at lines 203--205
\T1/qtm/m/n/10 (\T1/qtm/m/it/10 aliro_actuator.access_protocol.apdu.APDU
 []


Underfull \hbox (badness 10000) in paragraph at lines 205--207
[]\T1/txtt/m/n/10 create_envelope_response()
 []


Underfull \hbox (badness 10000) in paragraph at lines 205--207
\T1/qtm/m/n/10 (\T1/qtm/m/it/10 aliro_actuator.access_protocol.apdu.APDU
 []


Underfull \hbox (badness 10000) in paragraph at lines 207--209
[]\T1/txtt/m/n/10 create_error_response()
 []


Underfull \hbox (badness 10000) in paragraph at lines 207--209
\T1/qtm/m/n/10 (\T1/qtm/m/it/10 aliro_actuator.access_protocol.apdu.APDU
 []


Underfull \hbox (badness 10000) in paragraph at lines 209--211
[]\T1/txtt/m/n/10 create_exchange_command()
 []


Underfull \hbox (badness 10000) in paragraph at lines 209--211
\T1/qtm/m/n/10 (\T1/qtm/m/it/10 aliro_actuator.access_protocol.apdu.APDU
 []


Underfull \hbox (badness 10000) in paragraph at lines 211--213
[]\T1/txtt/m/n/10 create_exchange_response()
 []


Underfull \hbox (badness 10000) in paragraph at lines 211--213
\T1/qtm/m/n/10 (\T1/qtm/m/it/10 aliro_actuator.access_protocol.apdu.APDU
 []


Underfull \hbox (badness 10000) in paragraph at lines 213--215
[]\T1/txtt/m/n/10 create_from_bytestring()
 []


Overfull \hbox (3.8425pt too wide) in paragraph at lines 213--215
\T1/qtm/m/n/10 (\T1/qtm/m/it/10 aliro_actuator.access_protocol.apdu.Command
 []


Underfull \hbox (badness 10000) in paragraph at lines 215--217
[]\T1/txtt/m/n/10 create_from_bytestring()
 []


Underfull \hbox (badness 10000) in paragraph at lines 217--219
[]\T1/txtt/m/n/10 create_from_parameters()
 []


Overfull \hbox (3.8425pt too wide) in paragraph at lines 217--219
\T1/qtm/m/n/10 (\T1/qtm/m/it/10 aliro_actuator.access_protocol.apdu.Command
 []


Underfull \hbox (badness 10000) in paragraph at lines 219--221
[]\T1/txtt/m/n/10 create_from_parameters()
 []


Underfull \hbox (badness 10000) in paragraph at lines 221--223
[]\T1/txtt/m/n/10 create_get_response_command()
 []


Underfull \hbox (badness 10000) in paragraph at lines 221--223
\T1/qtm/m/n/10 (\T1/qtm/m/it/10 aliro_actuator.access_protocol.apdu.APDU
 []


Underfull \hbox (badness 10000) in paragraph at lines 223--225
[]\T1/txtt/m/n/10 create_get_response_response()
 []


Underfull \hbox (badness 10000) in paragraph at lines 223--225
\T1/qtm/m/n/10 (\T1/qtm/m/it/10 aliro_actuator.access_protocol.apdu.APDU
 []


Underfull \hbox (badness 10000) in paragraph at lines 225--227
[]\T1/txtt/m/n/10 create_load_cert_command()
 []


Underfull \hbox (badness 10000) in paragraph at lines 225--227
\T1/qtm/m/n/10 (\T1/qtm/m/it/10 aliro_actuator.access_protocol.apdu.APDU
 []


Underfull \hbox (badness 10000) in paragraph at lines 227--229
[]\T1/txtt/m/n/10 create_load_cert_response()
 []


Underfull \hbox (badness 10000) in paragraph at lines 227--229
\T1/qtm/m/n/10 (\T1/qtm/m/it/10 aliro_actuator.access_protocol.apdu.APDU
 []


Underfull \hbox (badness 10000) in paragraph at lines 229--231
[]\T1/txtt/m/n/10 create_proprietary_information() \T1/qtm/m/n/10 (\T1/qtm/m/it
/10 in mod-ule
 []


Underfull \hbox (badness 10000) in paragraph at lines 231--233
[]\T1/txtt/m/n/10 create_reader_authentication() \T1/qtm/m/n/10 (\T1/qtm/m/it/1
0 in mod-ule
 []


Underfull \hbox (badness 10000) in paragraph at lines 233--235
[]\T1/txtt/m/n/10 create_salt() \T1/qtm/m/n/10 (\T1/qtm/m/it/10 in mod-ule
 []


Underfull \hbox (badness 10000) in paragraph at lines 235--237
[]\T1/txtt/m/n/10 create_select_command()
 []


Underfull \hbox (badness 10000) in paragraph at lines 235--237
\T1/qtm/m/n/10 (\T1/qtm/m/it/10 aliro_actuator.access_protocol.apdu.APDU
 []


Underfull \hbox (badness 10000) in paragraph at lines 237--239
[]\T1/txtt/m/n/10 create_select_response()
 []


Underfull \hbox (badness 10000) in paragraph at lines 237--239
\T1/qtm/m/n/10 (\T1/qtm/m/it/10 aliro_actuator.access_protocol.apdu.APDU
 []


Underfull \hbox (badness 10000) in paragraph at lines 243--245
[]\T1/txtt/m/n/10 CREDENTIAL_EPUBK_LEN
 []


Underfull \hbox (badness 10000) in paragraph at lines 243--245
\T1/qtm/m/n/10 (\T1/qtm/m/it/10 aliro_actuator.access_protocol.defines.Auth0
 []


Underfull \hbox (badness 10000) in paragraph at lines 245--247
[]\T1/txtt/m/n/10 CREDENTIAL_EPUBK_TAG
 []


Underfull \hbox (badness 10000) in paragraph at lines 245--247
\T1/qtm/m/n/10 (\T1/qtm/m/it/10 aliro_actuator.access_protocol.defines.Auth0
 []


Underfull \hbox (badness 10000) in paragraph at lines 247--249
[]\T1/txtt/m/n/10 CREDENTIAL_EPUBK_TAG
 []


Overfull \hbox (18.0225pt too wide) in paragraph at lines 247--249
\T1/qtm/m/n/10 (\T1/qtm/m/it/10 aliro_actuator.access_protocol.defines.ReaderAu
th
 []


Underfull \hbox (badness 10000) in paragraph at lines 249--251
[]\T1/txtt/m/n/10 CREDENTIAL_EPUBK_TAG
 []


Overfull \hbox (36.49251pt too wide) in paragraph at lines 249--251
\T1/qtm/m/n/10 (\T1/qtm/m/it/10 aliro_actuator.access_protocol.defines.UserDevi
ceAuth
 []


Underfull \hbox (badness 10000) in paragraph at lines 251--253
[]\T1/txtt/m/n/10 CREDENTIAL_PUBK_LEN
 []


Underfull \hbox (badness 10000) in paragraph at lines 251--253
\T1/qtm/m/n/10 (\T1/qtm/m/it/10 aliro_actuator.access_protocol.defines.Auth1
 []


Underfull \hbox (badness 10000) in paragraph at lines 253--255
[]\T1/txtt/m/n/10 CREDENTIAL_PUBK_TAG
 []


Underfull \hbox (badness 10000) in paragraph at lines 253--255
\T1/qtm/m/n/10 (\T1/qtm/m/it/10 aliro_actuator.access_protocol.defines.Auth1
 []


Underfull \hbox (badness 10000) in paragraph at lines 255--257
[]\T1/txtt/m/n/10 CREDENTIAL_PUBLIC_KEY
 []


Overfull \hbox (24.1425pt too wide) in paragraph at lines 255--257
\T1/qtm/m/n/10 (\T1/qtm/m/it/10 aliro_actuator.access_protocol.apdu.Auth1Respon
se
 []


Underfull \hbox (badness 10000) in paragraph at lines 257--259
[]\T1/txtt/m/n/10 CREDENTIAL_TIMESTAMP_LEN
 []


Underfull \hbox (badness 10000) in paragraph at lines 257--259
\T1/qtm/m/n/10 (\T1/qtm/m/it/10 aliro_actuator.access_protocol.defines.Auth1
 []


Underfull \hbox (badness 10000) in paragraph at lines 259--261
[]\T1/txtt/m/n/10 CREDENTIAL_TIMESTAMP_TAG
 []


Underfull \hbox (badness 10000) in paragraph at lines 259--261
\T1/qtm/m/n/10 (\T1/qtm/m/it/10 aliro_actuator.access_protocol.defines.Auth1
 []

[51]
Overfull \hbox (29.46146pt too wide) in paragraph at lines 261--263
[]\T1/txtt/m/n/10 CRYPTOGRAM_LEN \T1/qtm/m/n/10 (\T1/qtm/m/it/10 aliro_actuator
.access_protocol.defines.Auth0
 []


Overfull \hbox (29.46146pt too wide) in paragraph at lines 263--265
[]\T1/txtt/m/n/10 CRYPTOGRAM_TAG \T1/qtm/m/n/10 (\T1/qtm/m/it/10 aliro_actuator
.access_protocol.defines.Auth0
 []


Underfull \hbox (badness 10000) in paragraph at lines 266--268
[]\T1/txtt/m/n/10 current_ndef_length
 []


Overfull \hbox (37.33244pt too wide) in paragraph at lines 266--268
\T1/qtm/m/n/10 (\T1/qtm/m/it/10 aliro_actuator.hw_driver.pn7160_driver.api.ndef
_info_t
 []


Overfull \hbox (37.60226pt too wide) in paragraph at lines 271--273
[]\T1/txtt/m/n/10 data_is_set() \T1/qtm/m/n/10 (\T1/qtm/m/it/10 aliro_actuator.
access_protocol.mailbox.Mailbox
 []


Overfull \hbox (11.35152pt too wide) in paragraph at lines 273--275
[]\T1/txtt/m/n/10 DATA_TAG \T1/qtm/m/n/10 (\T1/qtm/m/it/10 aliro_actuator.acces
s_protocol.mailbox.Mailbox
 []


Underfull \hbox (badness 10000) in paragraph at lines 275--277
[]\T1/txtt/m/n/10 DataElement \T1/qtm/m/n/10 (\T1/qtm/m/it/10 class in
 []


Overfull \hbox (19.85747pt too wide) in paragraph at lines 275--277
\T1/qtm/m/it/10 aliro_actuator.access_document.access_credential\T1/qtm/m/n/10 
),
 []


Overfull \hbox (30.24232pt too wide) in paragraph at lines 277--279
[]\T1/txtt/m/n/10 decode() \T1/qtm/m/n/10 (\T1/qtm/m/it/10 aliro_actuator.trust
_framework.certificate.Certificate
 []


Underfull \hbox (badness 10000) in paragraph at lines 279--281
[]\T1/txtt/m/n/10 decode_compressed()
 []


Overfull \hbox (26.57245pt too wide) in paragraph at lines 279--281
\T1/qtm/m/n/10 (\T1/qtm/m/it/10 aliro_actuator.trust_framework.certificate.Cert
ificate
 []


Overfull \hbox (67.49239pt too wide) in paragraph at lines 281--283
[]\T1/txtt/m/n/10 decrypt() \T1/qtm/m/n/10 (\T1/qtm/m/it/10 aliro_actuator.acce
ss_protocol.encryption.EncryptionEngine
 []


Underfull \hbox (badness 10000) in paragraph at lines 283--285
[]\T1/txtt/m/n/10 decrypt_cryptogram()
 []


Underfull \hbox (badness 10000) in paragraph at lines 283--285
\T1/qtm/m/n/10 (\T1/qtm/m/it/10 aliro_actuator.access_protocol.reader.Reader
 []


Underfull \hbox (badness 10000) in paragraph at lines 285--287
[]\T1/txtt/m/n/10 decrypt_cryptogram() \T1/qtm/m/n/10 (\T1/qtm/m/it/10 in mod-u
le
 []


Overfull \hbox (78.04224pt too wide) in paragraph at lines 287--289
[]\T1/txtt/m/n/10 decrypt_payload() \T1/qtm/m/n/10 (\T1/qtm/m/it/10 aliro_actua
tor.access_protocol.reader.ReaderSession
 []


Overfull \hbox (86.16153pt too wide) in paragraph at lines 289--291
[]\T1/txtt/m/n/10 DEFAULT \T1/qtm/m/n/10 (\T1/qtm/m/it/10 aliro_actuator.hw_dri
ver.pn7160_driver.api.TECHNOLOGY_MASK
 []


Overfull \hbox (61.74223pt too wide) in paragraph at lines 291--293
[]\T1/txtt/m/n/10 default_issuer \T1/qtm/m/n/10 (\T1/qtm/m/it/10 aliro_actuator
.trust_framework.certificate.Certificate
 []


Underfull \hbox (badness 10000) in paragraph at lines 293--295
[]\T1/txtt/m/n/10 default_serial_number
 []


Overfull \hbox (26.57245pt too wide) in paragraph at lines 293--295
\T1/qtm/m/n/10 (\T1/qtm/m/it/10 aliro_actuator.trust_framework.certificate.Cert
ificate
 []


Overfull \hbox (66.99222pt too wide) in paragraph at lines 295--297
[]\T1/txtt/m/n/10 default_subject \T1/qtm/m/n/10 (\T1/qtm/m/it/10 aliro_actuato
r.trust_framework.certificate.Certificate
 []


Underfull \hbox (badness 10000) in paragraph at lines 297--299
[]\T1/txtt/m/n/10 default_validity_not_after
 []


Overfull \hbox (26.57245pt too wide) in paragraph at lines 297--299
\T1/qtm/m/n/10 (\T1/qtm/m/it/10 aliro_actuator.trust_framework.certificate.Cert
ificate
 []


Underfull \hbox (badness 10000) in paragraph at lines 299--301
[]\T1/txtt/m/n/10 default_validity_not_before
 []


Overfull \hbox (26.57245pt too wide) in paragraph at lines 299--301
\T1/qtm/m/n/10 (\T1/qtm/m/it/10 aliro_actuator.trust_framework.certificate.Cert
ificate
 []


Underfull \hbox (badness 10000) in paragraph at lines 301--303
[]\T1/txtt/m/n/10 derive_key() \T1/qtm/m/n/10 (\T1/qtm/m/it/10 in mod-ule
 []


Underfull \hbox (badness 10000) in paragraph at lines 303--305
[]\T1/txtt/m/n/10 derive_key_persistent()
 []


Overfull \hbox (27.1225pt too wide) in paragraph at lines 303--305
\T1/qtm/m/n/10 (\T1/qtm/m/it/10 aliro_actuator.access_protocol.reader.ReaderSes
sion
 []


Underfull \hbox (badness 10000) in paragraph at lines 305--307
[]\T1/txtt/m/n/10 derive_key_persistent()
 []


Overfull \hbox (39.93251pt too wide) in paragraph at lines 305--307
\T1/qtm/m/n/10 (\T1/qtm/m/it/10 aliro_actuator.access_protocol.user_device.User
Session
 []


Underfull \hbox (badness 10000) in paragraph at lines 307--309
[]\T1/txtt/m/n/10 derive_key_volatile()
 []


Overfull \hbox (27.1225pt too wide) in paragraph at lines 307--309
\T1/qtm/m/n/10 (\T1/qtm/m/it/10 aliro_actuator.access_protocol.reader.ReaderSes
sion
 []


Underfull \hbox (badness 10000) in paragraph at lines 309--311
[]\T1/txtt/m/n/10 derive_key_volatile()
 []


Overfull \hbox (39.93251pt too wide) in paragraph at lines 309--311
\T1/qtm/m/n/10 (\T1/qtm/m/it/10 aliro_actuator.access_protocol.user_device.User
Session
 []


Underfull \hbox (badness 10000) in paragraph at lines 311--313
[]\T1/txtt/m/n/10 derive_key_volatile_fast()
 []


Overfull \hbox (27.1225pt too wide) in paragraph at lines 311--313
\T1/qtm/m/n/10 (\T1/qtm/m/it/10 aliro_actuator.access_protocol.reader.ReaderSes
sion
 []


Underfull \hbox (badness 10000) in paragraph at lines 313--315
[]\T1/txtt/m/n/10 derive_key_volatile_fast()
 []


Overfull \hbox (39.93251pt too wide) in paragraph at lines 313--315
\T1/qtm/m/n/10 (\T1/qtm/m/it/10 aliro_actuator.access_protocol.user_device.User
Session
 []


Overfull \hbox (34.27235pt too wide) in paragraph at lines 316--318
[]\T1/txtt/m/n/10 DeviceType \T1/qtm/m/n/10 (\T1/qtm/m/it/10 class in aliro_act
uator.access_protocol.encryption\T1/qtm/m/n/10 ),
 []


Overfull \hbox (27.82227pt too wide) in paragraph at lines 318--320
[]\T1/txtt/m/n/10 disconnect() \T1/qtm/m/n/10 (\T1/qtm/m/it/10 aliro_actuator.h
w_driver.pn7160_driver.Driver
 []


Overfull \hbox (51.7123pt too wide) in paragraph at lines 320--322
[]\T1/txtt/m/n/10 disconnect() \T1/qtm/m/n/10 (\T1/qtm/m/it/10 aliro_actuator.t
ransport_protocol.ble_uwb.BLEUWB
 []


Overfull \hbox (10.05229pt too wide) in paragraph at lines 322--324
[]\T1/txtt/m/n/10 disconnect() \T1/qtm/m/n/10 (\T1/qtm/m/it/10 aliro_actuator.t
ransport_protocol.nfc.NFC
 []


Overfull \hbox (28.57228pt too wide) in paragraph at lines 324--326
[]\T1/txtt/m/n/10 disconnect() \T1/qtm/m/n/10 (\T1/qtm/m/it/10 aliro_actuator.t
ransport_protocol.socket.Socket
 []


Overfull \hbox (68.83226pt too wide) in paragraph at lines 326--328
[]\T1/txtt/m/n/10 disconnect() \T1/qtm/m/n/10 (\T1/qtm/m/it/10 aliro_actuator.t
ransport_protocol.TransportProtocolBase
 []


Underfull \hbox (badness 10000) in paragraph at lines 330--332
[]\T1/txtt/m/n/10 DOMAIN_SPECIFIC_TAG
 []


Overfull \hbox (21.7825pt too wide) in paragraph at lines 330--332
\T1/qtm/m/n/10 (\T1/qtm/m/it/10 aliro_actuator.access_protocol.defines.ControlF
low
 []


Overfull \hbox (5.62236pt too wide) in paragraph at lines 332--334
[]\T1/txtt/m/n/10 Driver \T1/qtm/m/n/10 (\T1/qtm/m/it/10 class in aliro_actuato
r.hw_driver.pn7160_driver\T1/qtm/m/n/10 ),
 []


Overfull \hbox (30.24232pt too wide) in paragraph at lines 340--342
[]\T1/txtt/m/n/10 encode() \T1/qtm/m/n/10 (\T1/qtm/m/it/10 aliro_actuator.trust
_framework.certificate.Certificate
 []


Underfull \hbox (badness 10000) in paragraph at lines 342--344
[]\T1/txtt/m/n/10 encode_compressed()
 []


Overfull \hbox (26.57245pt too wide) in paragraph at lines 342--344
\T1/qtm/m/n/10 (\T1/qtm/m/it/10 aliro_actuator.trust_framework.certificate.Cert
ificate
 []


Overfull \hbox (67.49239pt too wide) in paragraph at lines 344--346
[]\T1/txtt/m/n/10 encrypt() \T1/qtm/m/n/10 (\T1/qtm/m/it/10 aliro_actuator.acce
ss_protocol.encryption.EncryptionEngine
 []


Overfull \hbox (78.04224pt too wide) in paragraph at lines 346--348
[]\T1/txtt/m/n/10 encrypt_payload() \T1/qtm/m/n/10 (\T1/qtm/m/it/10 aliro_actua
tor.access_protocol.reader.ReaderSession
 []


Underfull \hbox (badness 10000) in paragraph at lines 348--350
[]\T1/txtt/m/n/10 EncryptionEngine \T1/qtm/m/n/10 (\T1/qtm/m/it/10 class in
 []


Overfull \hbox (27.0423pt too wide) in paragraph at lines 350--352
[]\T1/txtt/m/n/10 end_session() \T1/qtm/m/n/10 (\T1/qtm/m/it/10 aliro_actuator.
access_protocol.reader.Reader
 []


Overfull \hbox (67.61232pt too wide) in paragraph at lines 352--354
[]\T1/txtt/m/n/10 end_session() \T1/qtm/m/n/10 (\T1/qtm/m/it/10 aliro_actuator.
access_protocol.user_device.UserDevice
 []

[52]
Overfull \hbox (3.30154pt too wide) in paragraph at lines 360--362
[]\T1/txtt/m/n/10 ETSPV_TAG \T1/qtm/m/n/10 (\T1/qtm/m/it/10 aliro_actuator.acce
ss_protocol.defines.Select
 []


Overfull \hbox (8.67735pt too wide) in paragraph at lines 364--366
[]\T1/txtt/m/n/10 Exchange \T1/qtm/m/n/10 (\T1/qtm/m/it/10 class in aliro_actua
tor.access_protocol.defines\T1/qtm/m/n/10 ),
 []


Overfull \hbox (89.5515pt too wide) in paragraph at lines 366--368
[]\T1/txtt/m/n/10 EXCHANGE_DONE \T1/qtm/m/n/10 (\T1/qtm/m/it/10 aliro_actuator.
access_protocol.user_device.UserSessionState
 []


Overfull \hbox (109.69221pt too wide) in paragraph at lines 368--370
[]\T1/txtt/m/n/10 execute_commands() \T1/qtm/m/n/10 (\T1/qtm/m/it/10 aliro_actu
ator.access_protocol.user_device.MailboxSession
 []


Underfull \hbox (badness 10000) in paragraph at lines 370--372
[]\T1/txtt/m/n/10 expedited_transaction_fast()
 []


Underfull \hbox (badness 10000) in paragraph at lines 370--372
\T1/qtm/m/n/10 (\T1/qtm/m/it/10 aliro_actuator.access_protocol.reader.Reader
 []


Underfull \hbox (badness 10000) in paragraph at lines 372--374
[]\T1/txtt/m/n/10 expedited_transaction_standard()
 []


Underfull \hbox (badness 10000) in paragraph at lines 372--374
\T1/qtm/m/n/10 (\T1/qtm/m/it/10 aliro_actuator.access_protocol.reader.Reader
 []


Overfull \hbox (45.30142pt too wide) in paragraph at lines 374--376
[]\T1/txtt/m/n/10 EXTENDED_INFO_LEN \T1/qtm/m/n/10 (\T1/qtm/m/it/10 aliro_actua
tor.access_protocol.defines.Select
 []


Overfull \hbox (45.30142pt too wide) in paragraph at lines 376--378
[]\T1/txtt/m/n/10 EXTENDED_INFO_TAG \T1/qtm/m/n/10 (\T1/qtm/m/it/10 aliro_actua
tor.access_protocol.defines.Select
 []


Overfull \hbox (48.04224pt too wide) in paragraph at lines 381--383
[]\T1/txtt/m/n/10 failure_process() \T1/qtm/m/n/10 (\T1/qtm/m/it/10 aliro_actua
tor.access_protocol.reader.Reader
 []


Overfull \hbox (88.61226pt too wide) in paragraph at lines 383--385
[]\T1/txtt/m/n/10 failure_process() \T1/qtm/m/n/10 (\T1/qtm/m/it/10 aliro_actua
tor.access_protocol.user_device.UserDevice
 []


Underfull \hbox (badness 10000) in paragraph at lines 385--387
[]\T1/txtt/m/n/10 FAST \T1/qtm/m/n/10 (\T1/qtm/m/it/10 aliro_actuator.access_pr
otocol.apdu.Transaction
 []


Underfull \hbox (badness 10000) in paragraph at lines 387--389
[]\T1/txtt/m/n/10 FCI_TAG \T1/qtm/m/n/10 (\T1/qtm/m/it/10 aliro_actuator.access
_protocol.defines.Select
 []


Underfull \hbox (badness 10000) in paragraph at lines 389--391
[]\T1/txtt/m/n/10 FILE_OR_APP_NOT_FOUND
 []


Overfull \hbox (8.54251pt too wide) in paragraph at lines 389--391
\T1/qtm/m/n/10 (\T1/qtm/m/it/10 aliro_actuator.access_protocol.apdu.StatusBytes

 []


Overfull \hbox (96.26222pt too wide) in paragraph at lines 391--393
[]\T1/txtt/m/n/10 find_kpersistent() \T1/qtm/m/n/10 (\T1/qtm/m/it/10 aliro_actu
ator.access_protocol.user_device.UserStorage
 []


Underfull \hbox (badness 10000) in paragraph at lines 393--395
[]\T1/txtt/m/n/10 FINISHED_WITH_FAILURE
 []


Underfull \hbox (badness 10000) in paragraph at lines 393--395
\T1/qtm/m/n/10 (\T1/qtm/m/it/10 aliro_actuator.access_protocol.apdu.S1
 []


Underfull \hbox (badness 10000) in paragraph at lines 395--397
[]\T1/txtt/m/n/10 FINISHED_WITH_SUCCESS
 []


Underfull \hbox (badness 10000) in paragraph at lines 395--397
\T1/qtm/m/n/10 (\T1/qtm/m/it/10 aliro_actuator.access_protocol.apdu.S1
 []


Underfull \hbox (badness 10000) in paragraph at lines 397--399
[]\T1/txtt/m/n/10 FORCE_USER_AUTHENTICATION
 []


Overfull \hbox (31.08247pt too wide) in paragraph at lines 397--399
\T1/qtm/m/n/10 (\T1/qtm/m/it/10 aliro_actuator.access_protocol.apdu.Transaction
Code
 []


Underfull \hbox (badness 10000) in paragraph at lines 399--401
[]\T1/txtt/m/n/10 from_bytes() \T1/qtm/m/n/10 (\T1/qtm/m/it/10 aliro_actuator.a
ccess_protocol.tlv.TLV
 []


Underfull \hbox (badness 10000) in paragraph at lines 401--403
[]\T1/txtt/m/n/10 FUNCTION_NOT_SUPPORTED
 []


Overfull \hbox (8.54251pt too wide) in paragraph at lines 401--403
\T1/qtm/m/n/10 (\T1/qtm/m/it/10 aliro_actuator.access_protocol.apdu.StatusBytes

 []


Underfull \hbox (badness 10000) in paragraph at lines 403--405
[]\T1/txtt/m/n/10 FUNCTIONS_IN_CLA_NOT_SUPPORTED
 []


Overfull \hbox (8.54251pt too wide) in paragraph at lines 403--405
\T1/qtm/m/n/10 (\T1/qtm/m/it/10 aliro_actuator.access_protocol.apdu.StatusBytes

 []


Overfull \hbox (40.7423pt too wide) in paragraph at lines 408--410
[]\T1/txtt/m/n/10 generate() \T1/qtm/m/n/10 (\T1/qtm/m/it/10 aliro_actuator.tru
st_framework.certificate.Certificate
 []


Underfull \hbox (badness 10000) in paragraph at lines 410--412
[]\T1/txtt/m/n/10 generate_ephemeral_key()
 []


Overfull \hbox (27.1225pt too wide) in paragraph at lines 410--412
\T1/qtm/m/n/10 (\T1/qtm/m/it/10 aliro_actuator.access_protocol.reader.ReaderSes
sion
 []


Underfull \hbox (badness 10000) in paragraph at lines 412--414
[]\T1/txtt/m/n/10 generate_ephemeral_key()
 []


Overfull \hbox (39.93251pt too wide) in paragraph at lines 412--414
\T1/qtm/m/n/10 (\T1/qtm/m/it/10 aliro_actuator.access_protocol.user_device.User
Session
 []


Underfull \hbox (badness 10000) in paragraph at lines 414--416
[]\T1/txtt/m/n/10 generate_public_key()
 []


Overfull \hbox (1.92247pt too wide) in paragraph at lines 414--416
\T1/qtm/m/n/10 (\T1/qtm/m/it/10 aliro_actuator.trust_framework.key.PrivateKey
 []


Overfull \hbox (38.46149pt too wide) in paragraph at lines 416--418
[]\T1/txtt/m/n/10 GENERIC_ERROR \T1/qtm/m/n/10 (\T1/qtm/m/it/10 aliro_actuator.
access_protocol.apdu.StatusBytes
 []


Underfull \hbox (badness 10000) in paragraph at lines 418--420
[]\T1/txtt/m/n/10 get_all_bytes_of_tag()
 []


Underfull \hbox (badness 10000) in paragraph at lines 418--420
\T1/qtm/m/n/10 (\T1/qtm/m/it/10 aliro_actuator.access_protocol.tlv.TLV
 []


Overfull \hbox (14.43224pt too wide) in paragraph at lines 420--422
[]\T1/txtt/m/n/10 get_all_of_tag() \T1/qtm/m/n/10 (\T1/qtm/m/it/10 aliro_actuat
or.access_protocol.tlv.TLV
 []


Underfull \hbox (badness 10000) in paragraph at lines 422--424
[]\T1/txtt/m/n/10 get_all_reader_id()
 []


Overfull \hbox (85.30243pt too wide) in paragraph at lines 422--424
\T1/qtm/m/n/10 (\T1/qtm/m/it/10 aliro_actuator.trust_framework.access_credentia
l.AccessCredential
 []


Underfull \hbox (badness 10000) in paragraph at lines 424--426
[]\T1/txtt/m/n/10 get_all_tlv_of_tag()
 []


Underfull \hbox (badness 10000) in paragraph at lines 424--426
\T1/qtm/m/n/10 (\T1/qtm/m/it/10 aliro_actuator.access_protocol.tlv.TLV
 []


Underfull \hbox (badness 10000) in paragraph at lines 426--428
[]\T1/txtt/m/n/10 get_bytes() \T1/qtm/m/n/10 (\T1/qtm/m/it/10 aliro_actuator.ac
cess_protocol.tlv.TLV
 []


Underfull \hbox (badness 10000) in paragraph at lines 428--430
[]\T1/txtt/m/n/10 get_credential_ephemeral_key()
 []


Overfull \hbox (27.1225pt too wide) in paragraph at lines 428--430
\T1/qtm/m/n/10 (\T1/qtm/m/it/10 aliro_actuator.access_protocol.reader.ReaderSes
sion
 []


Underfull \hbox (badness 10000) in paragraph at lines 430--432
[]\T1/txtt/m/n/10 get_credential_epubkey()
 []


Overfull \hbox (39.93251pt too wide) in paragraph at lines 430--432
\T1/qtm/m/n/10 (\T1/qtm/m/it/10 aliro_actuator.access_protocol.user_device.User
Session
 []


Underfull \hbox (badness 10000) in paragraph at lines 432--434
[]\T1/txtt/m/n/10 get_credential_public_key()
 []


Overfull \hbox (85.30243pt too wide) in paragraph at lines 432--434
\T1/qtm/m/n/10 (\T1/qtm/m/it/10 aliro_actuator.trust_framework.access_credentia
l.AccessCredential
 []


Overfull \hbox (21.85231pt too wide) in paragraph at lines 434--436
[]\T1/txtt/m/n/10 get_data() \T1/qtm/m/n/10 (\T1/qtm/m/it/10 aliro_actuator.acc
ess_protocol.mailbox.Mailbox
 []


Overfull \hbox (96.04228pt too wide) in paragraph at lines 436--438
[]\T1/txtt/m/n/10 get_group() \T1/qtm/m/n/10 (\T1/qtm/m/it/10 aliro_actuator.tr
ust_framework.reader_identifier.ReaderIdentifier
 []


Overfull \hbox (117.04222pt too wide) in paragraph at lines 438--440
[]\T1/txtt/m/n/10 get_group_sub() \T1/qtm/m/n/10 (\T1/qtm/m/it/10 aliro_actuato
r.trust_framework.reader_identifier.ReaderIdentifier
 []


Underfull \hbox (badness 10000) in paragraph at lines 440--442
[]\T1/txtt/m/n/10 get_intermediate_reader_public_key()
 []


Overfull \hbox (39.93251pt too wide) in paragraph at lines 440--442
\T1/qtm/m/n/10 (\T1/qtm/m/it/10 aliro_actuator.access_protocol.user_device.User
Session
 []


Overfull \hbox (120.47221pt too wide) in paragraph at lines 442--444
[]\T1/txtt/m/n/10 get_key_slot() \T1/qtm/m/n/10 (\T1/qtm/m/it/10 aliro_actuator
.trust_framework.access_credential.AccessCredential
 []


Underfull \hbox (badness 10000) in paragraph at lines 444--446
[]\T1/txtt/m/n/10 get_kpersistent_list()
 []


Overfull \hbox (27.28249pt too wide) in paragraph at lines 444--446
\T1/qtm/m/n/10 (\T1/qtm/m/it/10 aliro_actuator.access_protocol.reader.ReaderSto
rage
 []

[53]
Overfull \hbox (56.96228pt too wide) in paragraph at lines 446--448
[]\T1/txtt/m/n/10 get_message() \T1/qtm/m/n/10 (\T1/qtm/m/it/10 aliro_actuator.
transport_protocol.ble_uwb.BLEUWB
 []


Overfull \hbox (15.30228pt too wide) in paragraph at lines 448--450
[]\T1/txtt/m/n/10 get_message() \T1/qtm/m/n/10 (\T1/qtm/m/it/10 aliro_actuator.
transport_protocol.nfc.NFC
 []


Overfull \hbox (33.82227pt too wide) in paragraph at lines 450--452
[]\T1/txtt/m/n/10 get_message() \T1/qtm/m/n/10 (\T1/qtm/m/it/10 aliro_actuator.
transport_protocol.socket.Socket
 []


Overfull \hbox (74.08224pt too wide) in paragraph at lines 452--454
[]\T1/txtt/m/n/10 get_message() \T1/qtm/m/n/10 (\T1/qtm/m/it/10 aliro_actuator.
transport_protocol.TransportProtocolBase
 []


Overfull \hbox (40.8322pt too wide) in paragraph at lines 454--456
[]\T1/txtt/m/n/10 get_private_key() \T1/qtm/m/n/10 (\T1/qtm/m/it/10 aliro_actua
tor.trust_framework.key.KeyPair
 []


Overfull \hbox (72.2422pt too wide) in paragraph at lines 456--458
[]\T1/txtt/m/n/10 get_public_key() \T1/qtm/m/n/10 (\T1/qtm/m/it/10 aliro_actuat
or.trust_framework.certificate.Certificate
 []


Overfull \hbox (35.58221pt too wide) in paragraph at lines 458--460
[]\T1/txtt/m/n/10 get_public_key() \T1/qtm/m/n/10 (\T1/qtm/m/it/10 aliro_actuat
or.trust_framework.key.KeyPair
 []


Underfull \hbox (badness 10000) in paragraph at lines 460--462
[]\T1/txtt/m/n/10 get_public_key_as_bytes()
 []


Underfull \hbox (badness 10000) in paragraph at lines 460--462
\T1/qtm/m/n/10 (\T1/qtm/m/it/10 aliro_actuator.trust_framework.key.KeyPair
 []


Overfull \hbox (16.60233pt too wide) in paragraph at lines 462--464
[]\T1/txtt/m/n/10 get_raw() \T1/qtm/m/n/10 (\T1/qtm/m/it/10 aliro_actuator.acce
ss_protocol.mailbox.Mailbox
 []


Underfull \hbox (badness 10000) in paragraph at lines 464--466
[]\T1/txtt/m/n/10 get_reader_epubkey()
 []


Overfull \hbox (27.1225pt too wide) in paragraph at lines 464--466
\T1/qtm/m/n/10 (\T1/qtm/m/it/10 aliro_actuator.access_protocol.reader.ReaderSes
sion
 []


Underfull \hbox (badness 10000) in paragraph at lines 466--468
[]\T1/txtt/m/n/10 get_reader_public_key()
 []


Overfull \hbox (39.93251pt too wide) in paragraph at lines 466--468
\T1/qtm/m/n/10 (\T1/qtm/m/it/10 aliro_actuator.access_protocol.user_device.User
Session
 []


Underfull \hbox (badness 10000) in paragraph at lines 468--470
[]\T1/txtt/m/n/10 get_reader_public_key()
 []


Overfull \hbox (85.30243pt too wide) in paragraph at lines 468--470
\T1/qtm/m/n/10 (\T1/qtm/m/it/10 aliro_actuator.trust_framework.access_credentia
l.AccessCredential
 []


Overfull \hbox (2.40149pt too wide) in paragraph at lines 470--472
[]\T1/txtt/m/n/10 GET_RESPONSE \T1/qtm/m/n/10 (\T1/qtm/m/it/10 aliro_actuator.a
ccess_protocol.apdu.INS
 []


Underfull \hbox (badness 10000) in paragraph at lines 472--474
[]\T1/txtt/m/n/10 get_signaling_bitmap()
 []


Overfull \hbox (37.69252pt too wide) in paragraph at lines 472--474
\T1/qtm/m/n/10 (\T1/qtm/m/it/10 aliro_actuator.access_protocol.user_device.User
Device
 []


Overfull \hbox (27.24228pt too wide) in paragraph at lines 474--476
[]\T1/txtt/m/n/10 get_timestamp() \T1/qtm/m/n/10 (\T1/qtm/m/it/10 aliro_actuato
r.access_document.Document
 []


Overfull \hbox (16.60233pt too wide) in paragraph at lines 476--478
[]\T1/txtt/m/n/10 get_tlv() \T1/qtm/m/n/10 (\T1/qtm/m/it/10 aliro_actuator.acce
ss_protocol.mailbox.Mailbox
 []


Underfull \hbox (badness 10000) in paragraph at lines 478--480
[]\T1/txtt/m/n/10 get_tlv() \T1/qtm/m/n/10 (\T1/qtm/m/it/10 aliro_actuator.acce
ss_protocol.tlv.TLV
 []


Underfull \hbox (badness 10000) in paragraph at lines 480--482
[]\T1/txtt/m/n/10 get_transaction_type()
 []


Overfull \hbox (39.93251pt too wide) in paragraph at lines 480--482
\T1/qtm/m/n/10 (\T1/qtm/m/it/10 aliro_actuator.access_protocol.user_device.User
Session
 []


Underfull \hbox (badness 10000) in paragraph at lines 482--484
[]\T1/txtt/m/n/10 get_value() \T1/qtm/m/n/10 (\T1/qtm/m/it/10 aliro_actuator.ac
cess_protocol.tlv.TLV
 []


Overfull \hbox (43.28235pt too wide) in paragraph at lines 492--494
[]\T1/txtt/m/n/10 handle \T1/qtm/m/n/10 (\T1/qtm/m/it/10 aliro_actuator.hw_driv
er.pn7160_driver.api.nfc_tag_info_t
 []


Overfull \hbox (32.29228pt too wide) in paragraph at lines 494--496
[]\T1/txtt/m/n/10 handle_auth0() \T1/qtm/m/n/10 (\T1/qtm/m/it/10 aliro_actuator
.access_protocol.reader.Reader
 []


Overfull \hbox (72.8623pt too wide) in paragraph at lines 496--498
[]\T1/txtt/m/n/10 handle_auth0() \T1/qtm/m/n/10 (\T1/qtm/m/it/10 aliro_actuator
.access_protocol.user_device.UserDevice
 []


Overfull \hbox (32.29228pt too wide) in paragraph at lines 498--500
[]\T1/txtt/m/n/10 handle_auth1() \T1/qtm/m/n/10 (\T1/qtm/m/it/10 aliro_actuator
.access_protocol.reader.Reader
 []


Overfull \hbox (72.8623pt too wide) in paragraph at lines 500--502
[]\T1/txtt/m/n/10 handle_auth1() \T1/qtm/m/n/10 (\T1/qtm/m/it/10 aliro_actuator
.access_protocol.user_device.UserDevice
 []


Underfull \hbox (badness 10000) in paragraph at lines 502--504
[]\T1/txtt/m/n/10 handle_auth1_credential_public_key()
 []


Underfull \hbox (badness 10000) in paragraph at lines 502--504
\T1/qtm/m/n/10 (\T1/qtm/m/it/10 aliro_actuator.access_protocol.reader.Reader
 []


Underfull \hbox (badness 10000) in paragraph at lines 504--506
[]\T1/txtt/m/n/10 handle_control_flow()
 []


Underfull \hbox (badness 10000) in paragraph at lines 504--506
\T1/qtm/m/n/10 (\T1/qtm/m/it/10 aliro_actuator.access_protocol.reader.Reader
 []


Underfull \hbox (badness 10000) in paragraph at lines 506--508
[]\T1/txtt/m/n/10 handle_control_flow()
 []


Overfull \hbox (37.69252pt too wide) in paragraph at lines 506--508
\T1/qtm/m/n/10 (\T1/qtm/m/it/10 aliro_actuator.access_protocol.user_device.User
Device
 []


Overfull \hbox (48.04224pt too wide) in paragraph at lines 508--510
[]\T1/txtt/m/n/10 handle_exchange() \T1/qtm/m/n/10 (\T1/qtm/m/it/10 aliro_actua
tor.access_protocol.reader.Reader
 []


Overfull \hbox (88.61226pt too wide) in paragraph at lines 510--512
[]\T1/txtt/m/n/10 handle_exchange() \T1/qtm/m/n/10 (\T1/qtm/m/it/10 aliro_actua
tor.access_protocol.user_device.UserDevice
 []


Overfull \hbox (53.29222pt too wide) in paragraph at lines 512--514
[]\T1/txtt/m/n/10 handle_load_cert() \T1/qtm/m/n/10 (\T1/qtm/m/it/10 aliro_actu
ator.access_protocol.reader.Reader
 []


Overfull \hbox (93.86224pt too wide) in paragraph at lines 514--516
[]\T1/txtt/m/n/10 handle_load_cert() \T1/qtm/m/n/10 (\T1/qtm/m/it/10 aliro_actu
ator.access_protocol.user_device.UserDevice
 []


Overfull \hbox (37.54227pt too wide) in paragraph at lines 516--518
[]\T1/txtt/m/n/10 handle_select() \T1/qtm/m/n/10 (\T1/qtm/m/it/10 aliro_actuato
r.access_protocol.reader.Reader
 []


Overfull \hbox (78.11229pt too wide) in paragraph at lines 518--520
[]\T1/txtt/m/n/10 handle_select() \T1/qtm/m/n/10 (\T1/qtm/m/it/10 aliro_actuato
r.access_protocol.user_device.UserDevice
 []


Overfull \hbox (130.97218pt too wide) in paragraph at lines 520--522
[]\T1/txtt/m/n/10 has_identifier() \T1/qtm/m/n/10 (\T1/qtm/m/it/10 aliro_actuat
or.trust_framework.access_credential.AccessCredential
 []


Overfull \hbox (48.96228pt too wide) in paragraph at lines 525--527
[]\T1/txtt/m/n/10 INCORRECT_P1_P2 \T1/qtm/m/n/10 (\T1/qtm/m/it/10 aliro_actuato
r.access_protocol.apdu.StatusBytes
 []


Underfull \hbox (badness 10000) in paragraph at lines 527--529
[]\T1/txtt/m/n/10 INCORRECT_PARAMETERS_IN_DATA
 []


Overfull \hbox (8.54251pt too wide) in paragraph at lines 527--529
\T1/qtm/m/n/10 (\T1/qtm/m/it/10 aliro_actuator.access_protocol.apdu.StatusBytes

 []


Underfull \hbox (badness 10000) in paragraph at lines 529--531
[]\T1/txtt/m/n/10 INCORRECT_SECURE_MESSAGING_DOS
 []


Overfull \hbox (8.54251pt too wide) in paragraph at lines 529--531
\T1/qtm/m/n/10 (\T1/qtm/m/it/10 aliro_actuator.access_protocol.apdu.StatusBytes

 []


Overfull \hbox (16.6015pt too wide) in paragraph at lines 531--533
[]\T1/txtt/m/n/10 INDEX_TAG \T1/qtm/m/n/10 (\T1/qtm/m/it/10 aliro_actuator.acce
ss_protocol.mailbox.Mailbox
 []


Overfull \hbox (72.71223pt too wide) in paragraph at lines 533--535
[]\T1/txtt/m/n/10 initialization() \T1/qtm/m/n/10 (\T1/qtm/m/it/10 aliro_actuat
or.transport_protocol.ble_uwb.BLEUWB
 []


Overfull \hbox (31.05223pt too wide) in paragraph at lines 535--537
[]\T1/txtt/m/n/10 initialization() \T1/qtm/m/n/10 (\T1/qtm/m/it/10 aliro_actuat
or.transport_protocol.nfc.NFC
 []


Overfull \hbox (49.57222pt too wide) in paragraph at lines 537--539
[]\T1/txtt/m/n/10 initialization() \T1/qtm/m/n/10 (\T1/qtm/m/it/10 aliro_actuat
or.transport_protocol.socket.Socket
 []


Overfull \hbox (89.8322pt too wide) in paragraph at lines 539--541
[]\T1/txtt/m/n/10 initialization() \T1/qtm/m/n/10 (\T1/qtm/m/it/10 aliro_actuat
or.transport_protocol.TransportProtocolBase
 []


Overfull \hbox (27.82227pt too wide) in paragraph at lines 541--543
[]\T1/txtt/m/n/10 initialize() \T1/qtm/m/n/10 (\T1/qtm/m/it/10 aliro_actuator.h
w_driver.pn7160_driver.Driver
 []

[54]
Underfull \hbox (badness 10000) in paragraph at lines 543--545
[]\T1/txtt/m/n/10 INITIATE_ACCESS_PROTOCOL
 []


Overfull \hbox (4.49248pt too wide) in paragraph at lines 543--545
\T1/qtm/m/n/10 (\T1/qtm/m/it/10 aliro_actuator.transport_protocol.MessageType
 []


Overfull \hbox (38.46149pt too wide) in paragraph at lines 547--549
[]\T1/txtt/m/n/10 INVALID_CLASS \T1/qtm/m/n/10 (\T1/qtm/m/it/10 aliro_actuator.
access_protocol.apdu.StatusBytes
 []


Underfull \hbox (badness 10000) in paragraph at lines 549--551
[]\T1/txtt/m/n/10 INVALID_INSTRUCTION
 []


Overfull \hbox (8.54251pt too wide) in paragraph at lines 549--551
\T1/qtm/m/n/10 (\T1/qtm/m/it/10 aliro_actuator.access_protocol.apdu.StatusBytes

 []


Overfull \hbox (30.67235pt too wide) in paragraph at lines 566--568
[]\T1/txtt/m/n/10 is_def \T1/qtm/m/n/10 (\T1/qtm/m/it/10 aliro_actuator.hw_driv
er.pn7160_driver.api.ndef_info_t
 []


Overfull \hbox (78.1923pt too wide) in paragraph at lines 568--570
[]\T1/txtt/m/n/10 is_started() \T1/qtm/m/n/10 (\T1/qtm/m/it/10 aliro_actuator.a
ccess_protocol.user_device.MailboxSession
 []


Overfull \hbox (56.75227pt too wide) in paragraph at lines 570--572
[]\T1/txtt/m/n/10 is_writable \T1/qtm/m/n/10 (\T1/qtm/m/it/10 aliro_actuator.hw
_driver.pn7160_driver.api.ndef_info_t
 []


Overfull \hbox (68.47731pt too wide) in paragraph at lines 572--574
[]\T1/txtt/m/n/10 IssuerAuth \T1/qtm/m/n/10 (\T1/qtm/m/it/10 class in aliro_act
uator.access_document.access_credential\T1/qtm/m/n/10 ),
 []


Overfull \hbox (27.81155pt too wide) in paragraph at lines 578--580
[]\T1/txtt/m/n/10 KEY_SLOT \T1/qtm/m/n/10 (\T1/qtm/m/it/10 aliro_actuator.acces
s_protocol.apdu.Auth1Response
 []


Overfull \hbox (18.96149pt too wide) in paragraph at lines 580--582
[]\T1/txtt/m/n/10 KEY_SLOT_LEN \T1/qtm/m/n/10 (\T1/qtm/m/it/10 aliro_actuator.a
ccess_protocol.defines.Auth1
 []


Overfull \hbox (18.96149pt too wide) in paragraph at lines 582--584
[]\T1/txtt/m/n/10 KEY_SLOT_TAG \T1/qtm/m/n/10 (\T1/qtm/m/it/10 aliro_actuator.a
ccess_protocol.defines.Auth1
 []


Underfull \hbox (badness 10000) in paragraph at lines 593--595
[]\T1/txtt/m/n/10 LOGICAL_CHANNEL_NOT_SUPPORTED
 []


Overfull \hbox (8.54251pt too wide) in paragraph at lines 593--595
\T1/qtm/m/n/10 (\T1/qtm/m/it/10 aliro_actuator.access_protocol.apdu.StatusBytes

 []


Overfull \hbox (3.07227pt too wide) in paragraph at lines 595--597
[]\T1/txtt/m/n/10 loglevel_mapping \T1/qtm/m/n/10 (\T1/qtm/m/it/10 aliro_actuat
or.log.InterceptHandler
 []


Underfull \hbox (badness 10000) in paragraph at lines 597--599
[]\T1/txtt/m/n/10 lookup_credential_public_key()
 []


Overfull \hbox (27.1225pt too wide) in paragraph at lines 597--599
\T1/qtm/m/n/10 (\T1/qtm/m/it/10 aliro_actuator.access_protocol.reader.ReaderSes
sion
 []


Overfull \hbox (7.82736pt too wide) in paragraph at lines 602--604
[]\T1/txtt/m/n/10 Mailbox \T1/qtm/m/n/10 (\T1/qtm/m/it/10 class in aliro_actuat
or.access_protocol.mailbox\T1/qtm/m/n/10 ),
 []


Overfull \hbox (39.96143pt too wide) in paragraph at lines 604--606
[]\T1/txtt/m/n/10 MAILBOX_DATA_TAG \T1/qtm/m/n/10 (\T1/qtm/m/it/10 aliro_actuat
or.access_protocol.defines.Auth1
 []


Underfull \hbox (badness 10000) in paragraph at lines 608--610
[]\T1/txtt/m/n/10 MailboxSession \T1/qtm/m/n/10 (\T1/qtm/m/it/10 class in
 []


Underfull \hbox (badness 10000) in paragraph at lines 608--610
\T1/qtm/m/it/10 aliro_actuator.access_protocol.user_device\T1/qtm/m/n/10 ),
 []


Underfull \hbox (badness 10000) in paragraph at lines 610--612
[]\T1/txtt/m/n/10 MailboxSession.Command \T1/qtm/m/n/10 (\T1/qtm/m/it/10 class 
in
 []


Underfull \hbox (badness 10000) in paragraph at lines 610--612
\T1/qtm/m/it/10 aliro_actuator.access_protocol.user_device\T1/qtm/m/n/10 ),
 []


Overfull \hbox (57.11235pt too wide) in paragraph at lines 612--614
[]\T1/txtt/m/n/10 main_loop() \T1/qtm/m/n/10 (\T1/qtm/m/it/10 aliro_actuator.ac
cess_protocol.user_device.UserDevice
 []


Overfull \hbox (80.91154pt too wide) in paragraph at lines 614--616
[]\T1/txtt/m/n/10 MASK_A \T1/qtm/m/n/10 (\T1/qtm/m/it/10 aliro_actuator.hw_driv
er.pn7160_driver.api.TECHNOLOGY_MASK
 []


Overfull \hbox (34.80145pt too wide) in paragraph at lines 616--618
[]\T1/txtt/m/n/10 MAX_COMMAND_LEN \T1/qtm/m/n/10 (\T1/qtm/m/it/10 aliro_actuato
r.access_protocol.defines.Select
 []


Overfull \hbox (34.80145pt too wide) in paragraph at lines 618--620
[]\T1/txtt/m/n/10 MAX_COMMAND_TAG \T1/qtm/m/n/10 (\T1/qtm/m/it/10 aliro_actuato
r.access_protocol.defines.Select
 []


Overfull \hbox (77.75221pt too wide) in paragraph at lines 620--622
[]\T1/txtt/m/n/10 max_ndef_length \T1/qtm/m/n/10 (\T1/qtm/m/it/10 aliro_actuato
r.hw_driver.pn7160_driver.api.ndef_info_t
 []


Overfull \hbox (40.05144pt too wide) in paragraph at lines 622--624
[]\T1/txtt/m/n/10 MAX_RESPONSE_LEN \T1/qtm/m/n/10 (\T1/qtm/m/it/10 aliro_actuat
or.access_protocol.defines.Select
 []


Overfull \hbox (40.05144pt too wide) in paragraph at lines 624--626
[]\T1/txtt/m/n/10 MAX_RESPONSE_TAG \T1/qtm/m/n/10 (\T1/qtm/m/it/10 aliro_actuat
or.access_protocol.defines.Select
 []


Overfull \hbox (43.71147pt too wide) in paragraph at lines 626--628
[]\T1/txtt/m/n/10 MEMORY_FAILURE \T1/qtm/m/n/10 (\T1/qtm/m/it/10 aliro_actuator
.access_protocol.apdu.StatusBytes
 []


Underfull \hbox (badness 10000) in paragraph at lines 630--632
[]\T1/txtt/m/n/10 MessageType \T1/qtm/m/n/10 (\T1/qtm/m/it/10 class in
 []


Overfull \hbox (44.62177pt too wide) in paragraph at lines 637--638
[]| \T1/txtt/m/n/10 aliro_actuator.access_document.access_credential\T1/qtm/m/n
/10 ,
 []


Overfull \hbox (55.12173pt too wide) in paragraph at lines 639--640
[]| \T1/txtt/m/n/10 aliro_actuator.access_document.revocation_document\T1/qtm/m
/n/10 ,
 []

[55]
Overfull \hbox (28.87181pt too wide) in paragraph at lines 642--643
[]| \T1/txtt/m/n/10 aliro_actuator.access_protocol.authentication\T1/qtm/m/n/10
 ,
 []


Underfull \hbox (badness 10000) in paragraph at lines 643--644
[]| \T1/txtt/m/n/10 aliro_actuator.access_protocol.defines\T1/qtm/m/n/10 ,
 []


Overfull \hbox (7.87187pt too wide) in paragraph at lines 644--645
[]| \T1/txtt/m/n/10 aliro_actuator.access_protocol.encryption\T1/qtm/m/n/10 ,
 []


Underfull \hbox (badness 10000) in paragraph at lines 646--647
[]| \T1/txtt/m/n/10 aliro_actuator.access_protocol.mailbox\T1/qtm/m/n/10 ,
 []


Overfull \hbox (13.12186pt too wide) in paragraph at lines 649--650
[]| \T1/txtt/m/n/10 aliro_actuator.access_protocol.user_device\T1/qtm/m/n/10 ,
 []


Underfull \hbox (badness 10000) in paragraph at lines 651--652
[]| \T1/txtt/m/n/10 aliro_actuator.hw_driver.pn7160_driver\T1/qtm/m/n/10 ,
 []


Overfull \hbox (13.12186pt too wide) in paragraph at lines 652--653
[]| \T1/txtt/m/n/10 aliro_actuator.hw_driver.pn7160_driver.api\T1/qtm/m/n/10 ,
 []


Overfull \hbox (28.87181pt too wide) in paragraph at lines 653--654
[]| \T1/txtt/m/n/10 aliro_actuator.hw_driver.pn7160_driver.errors\T1/qtm/m/n/10
 ,
 []


Overfull \hbox (7.87187pt too wide) in paragraph at lines 656--657
[]| \T1/txtt/m/n/10 aliro_actuator.transport_protocol.ble_uwb\T1/qtm/m/n/10 ,
 []


Overfull \hbox (2.62189pt too wide) in paragraph at lines 657--658
[]| \T1/txtt/m/n/10 aliro_actuator.transport_protocol.errors\T1/qtm/m/n/10 ,
 []


Overfull \hbox (2.62189pt too wide) in paragraph at lines 659--660
[]| \T1/txtt/m/n/10 aliro_actuator.transport_protocol.socket\T1/qtm/m/n/10 ,
 []


Overfull \hbox (44.62177pt too wide) in paragraph at lines 661--662
[]| \T1/txtt/m/n/10 aliro_actuator.trust_framework.access_credential\T1/qtm/m/n
/10 ,
 []


Overfull \hbox (13.12186pt too wide) in paragraph at lines 662--663
[]| \T1/txtt/m/n/10 aliro_actuator.trust_framework.certificate\T1/qtm/m/n/10 ,
 []


Overfull \hbox (44.62177pt too wide) in paragraph at lines 665--666
[]| \T1/txtt/m/n/10 aliro_actuator.trust_framework.reader_identifier\T1/qtm/m/n
/10 ,
 []


Underfull \hbox (badness 10000) in paragraph at lines 671--673
[]\T1/txtt/m/n/10 ndef_info_t \T1/qtm/m/n/10 (\T1/qtm/m/it/10 class in
 []


Underfull \hbox (badness 10000) in paragraph at lines 671--673
\T1/qtm/m/it/10 aliro_actuator.hw_driver.pn7160_driver.api\T1/qtm/m/n/10 ),
 []


Overfull \hbox (21.4316pt too wide) in paragraph at lines 673--675
[]\T1/txtt/m/n/10 NFC \T1/qtm/m/n/10 (\T1/qtm/m/it/10 aliro_actuator.access_pro
tocol.defines.TransportProtocol
 []


Underfull \hbox (badness 10000) in paragraph at lines 676--678
[]\T1/txtt/m/n/10 nfc_tag_info_t \T1/qtm/m/n/10 (\T1/qtm/m/it/10 class in
 []


Underfull \hbox (badness 10000) in paragraph at lines 676--678
\T1/qtm/m/it/10 aliro_actuator.hw_driver.pn7160_driver.api\T1/qtm/m/n/10 ),
 []


Underfull \hbox (badness 10000) in paragraph at lines 678--680
[]\T1/txtt/m/n/10 nfcHostCardEmulationCallback_t \T1/qtm/m/n/10 (\T1/qtm/m/it/1
0 class in
 []


Underfull \hbox (badness 10000) in paragraph at lines 678--680
\T1/qtm/m/it/10 aliro_actuator.hw_driver.pn7160_driver.api\T1/qtm/m/n/10 ),
 []


Underfull \hbox (badness 10000) in paragraph at lines 680--682
[]\T1/txtt/m/n/10 nfcTagCallback_t \T1/qtm/m/n/10 (\T1/qtm/m/it/10 class in
 []


Underfull \hbox (badness 10000) in paragraph at lines 680--682
\T1/qtm/m/it/10 aliro_actuator.hw_driver.pn7160_driver.api\T1/qtm/m/n/10 ),
 []


Underfull \hbox (badness 10000) in paragraph at lines 682--684
[]\T1/txtt/m/n/10 NO_PRECISE_DIAGNOSIS
 []


Overfull \hbox (8.54251pt too wide) in paragraph at lines 682--684
\T1/qtm/m/n/10 (\T1/qtm/m/it/10 aliro_actuator.access_protocol.apdu.StatusBytes

 []


Overfull \hbox (23.3515pt too wide) in paragraph at lines 690--692
[]\T1/txtt/m/n/10 NOTIFY_TAG \T1/qtm/m/n/10 (\T1/qtm/m/it/10 aliro_actuator.acc
ess_protocol.defines.Exchange
 []


Overfull \hbox (163.7722pt too wide) in paragraph at lines 695--697
[]\T1/txtt/m/n/10 onDataReceived \T1/qtm/m/n/10 (\T1/qtm/m/it/10 aliro_actuator
.hw_driver.pn7160_driver.api.nfcHostCardEmulationCallback_t
 []


Underfull \hbox (badness 10000) in paragraph at lines 697--699
[]\T1/txtt/m/n/10 onHostCardEmulationActivated
 []


Overfull \hbox (128.60242pt too wide) in paragraph at lines 697--699
\T1/qtm/m/n/10 (\T1/qtm/m/it/10 aliro_actuator.hw_driver.pn7160_driver.api.nfcH
ostCardEmulationCallback_t
 []


Underfull \hbox (badness 10000) in paragraph at lines 699--701
[]\T1/txtt/m/n/10 onHostCardEmulationDeactivated
 []


Overfull \hbox (128.60242pt too wide) in paragraph at lines 699--701
\T1/qtm/m/n/10 (\T1/qtm/m/it/10 aliro_actuator.hw_driver.pn7160_driver.api.nfcH
ostCardEmulationCallback_t
 []


Overfull \hbox (87.31226pt too wide) in paragraph at lines 701--703
[]\T1/txtt/m/n/10 onTagArrival \T1/qtm/m/n/10 (\T1/qtm/m/it/10 aliro_actuator.h
w_driver.pn7160_driver.api.nfcTagCallback_t
 []


Overfull \hbox (97.81223pt too wide) in paragraph at lines 703--705
[]\T1/txtt/m/n/10 onTagDeparture \T1/qtm/m/n/10 (\T1/qtm/m/it/10 aliro_actuator
.hw_driver.pn7160_driver.api.nfcTagCallback_t
 []


Overfull \hbox (86.1024pt too wide) in paragraph at lines 708--710
[]\T1/txtt/m/n/10 parse() \T1/qtm/m/n/10 (\T1/qtm/m/it/10 aliro_actuator.access
_document.access_credential.AccessDocument
 []


Overfull \hbox (49.51225pt too wide) in paragraph at lines 710--712
[]\T1/txtt/m/n/10 parse_as_auth0() \T1/qtm/m/n/10 (\T1/qtm/m/it/10 aliro_actuat
or.access_protocol.apdu.Command
 []


Overfull \hbox (46.02226pt too wide) in paragraph at lines 712--714
[]\T1/txtt/m/n/10 parse_as_auth0() \T1/qtm/m/n/10 (\T1/qtm/m/it/10 aliro_actuat
or.access_protocol.apdu.Response
 []


Overfull \hbox (49.51225pt too wide) in paragraph at lines 714--716
[]\T1/txtt/m/n/10 parse_as_auth1() \T1/qtm/m/n/10 (\T1/qtm/m/it/10 aliro_actuat
or.access_protocol.apdu.Command
 []


Overfull \hbox (46.02226pt too wide) in paragraph at lines 716--718
[]\T1/txtt/m/n/10 parse_as_auth1() \T1/qtm/m/n/10 (\T1/qtm/m/it/10 aliro_actuat
or.access_protocol.apdu.Response
 []


Underfull \hbox (badness 10000) in paragraph at lines 718--720
[]\T1/txtt/m/n/10 parse_as_control_flow()
 []


Overfull \hbox (3.8425pt too wide) in paragraph at lines 718--720
\T1/qtm/m/n/10 (\T1/qtm/m/it/10 aliro_actuator.access_protocol.apdu.Command
 []


Underfull \hbox (badness 10000) in paragraph at lines 720--722
[]\T1/txtt/m/n/10 parse_as_control_flow()
 []


Underfull \hbox (badness 10000) in paragraph at lines 722--724
[]\T1/txtt/m/n/10 parse_as_envelope()
 []


Overfull \hbox (3.8425pt too wide) in paragraph at lines 722--724
\T1/qtm/m/n/10 (\T1/qtm/m/it/10 aliro_actuator.access_protocol.apdu.Command
 []


Underfull \hbox (badness 10000) in paragraph at lines 724--726
[]\T1/txtt/m/n/10 parse_as_envelope()
 []


Underfull \hbox (badness 10000) in paragraph at lines 726--728
[]\T1/txtt/m/n/10 parse_as_exchange()
 []


Overfull \hbox (3.8425pt too wide) in paragraph at lines 726--728
\T1/qtm/m/n/10 (\T1/qtm/m/it/10 aliro_actuator.access_protocol.apdu.Command
 []

[56]
Underfull \hbox (badness 10000) in paragraph at lines 728--730
[]\T1/txtt/m/n/10 parse_as_exchange()
 []


Underfull \hbox (badness 10000) in paragraph at lines 730--732
[]\T1/txtt/m/n/10 parse_as_get_response()
 []


Overfull \hbox (3.8425pt too wide) in paragraph at lines 730--732
\T1/qtm/m/n/10 (\T1/qtm/m/it/10 aliro_actuator.access_protocol.apdu.Command
 []


Underfull \hbox (badness 10000) in paragraph at lines 732--734
[]\T1/txtt/m/n/10 parse_as_get_response()
 []


Underfull \hbox (badness 10000) in paragraph at lines 734--736
[]\T1/txtt/m/n/10 parse_as_load_cert()
 []


Overfull \hbox (3.8425pt too wide) in paragraph at lines 734--736
\T1/qtm/m/n/10 (\T1/qtm/m/it/10 aliro_actuator.access_protocol.apdu.Command
 []


Underfull \hbox (badness 10000) in paragraph at lines 736--738
[]\T1/txtt/m/n/10 parse_as_load_cert()
 []


Overfull \hbox (54.76224pt too wide) in paragraph at lines 738--740
[]\T1/txtt/m/n/10 parse_as_select() \T1/qtm/m/n/10 (\T1/qtm/m/it/10 aliro_actua
tor.access_protocol.apdu.Command
 []


Overfull \hbox (51.27225pt too wide) in paragraph at lines 740--742
[]\T1/txtt/m/n/10 parse_as_select() \T1/qtm/m/n/10 (\T1/qtm/m/it/10 aliro_actua
tor.access_protocol.apdu.Response
 []


Overfull \hbox (29.81227pt too wide) in paragraph at lines 742--744
[]\T1/txtt/m/n/10 parse_command() \T1/qtm/m/n/10 (\T1/qtm/m/it/10 aliro_actuato
r.access_protocol.apdu.APDU
 []


Overfull \hbox (35.06226pt too wide) in paragraph at lines 744--746
[]\T1/txtt/m/n/10 parse_response() \T1/qtm/m/n/10 (\T1/qtm/m/it/10 aliro_actuat
or.access_protocol.apdu.APDU
 []


Overfull \hbox (96.99226pt too wide) in paragraph at lines 747--749
[]\T1/txtt/m/n/10 print_to_log() \T1/qtm/m/n/10 (\T1/qtm/m/it/10 aliro_actuator
.access_protocol.reader.ReaderFastCacheEntry
 []


Overfull \hbox (6.5073pt too wide) in paragraph at lines 749--751
[]\T1/txtt/m/n/10 PrivateKey \T1/qtm/m/n/10 (\T1/qtm/m/it/10 class in aliro_act
uator.trust_framework.key\T1/qtm/m/n/10 ),
 []


Overfull \hbox (34.80145pt too wide) in paragraph at lines 751--753
[]\T1/txtt/m/n/10 PROPRIETARY_TAG \T1/qtm/m/n/10 (\T1/qtm/m/it/10 aliro_actuato
r.access_protocol.defines.Select
 []


Overfull \hbox (53.78232pt too wide) in paragraph at lines 753--755
[]\T1/txtt/m/n/10 protocol \T1/qtm/m/n/10 (\T1/qtm/m/it/10 aliro_actuator.hw_dr
iver.pn7160_driver.api.nfc_tag_info_t
 []


Underfull \hbox (badness 10000) in paragraph at lines 755--757
[]\T1/txtt/m/n/10 PROTOCOL_VERSION_NOT_SUPPORTED
 []


Underfull \hbox (badness 10000) in paragraph at lines 755--757
\T1/qtm/m/n/10 (\T1/qtm/m/it/10 aliro_actuator.access_protocol.apdu.S2
 []


Overfull \hbox (1.25731pt too wide) in paragraph at lines 757--759
[]\T1/txtt/m/n/10 PublicKey \T1/qtm/m/n/10 (\T1/qtm/m/it/10 class in aliro_actu
ator.trust_framework.key\T1/qtm/m/n/10 ),
 []


Underfull \hbox (badness 10000) in paragraph at lines 762--764
[]\T1/txtt/m/n/10 RE_VENDOR_SPECIFIC_MAX_LEN
 []


Underfull \hbox (badness 10000) in paragraph at lines 762--764
\T1/qtm/m/n/10 (\T1/qtm/m/it/10 aliro_actuator.access_protocol.defines.Auth0
 []


Underfull \hbox (badness 10000) in paragraph at lines 764--766
[]\T1/txtt/m/n/10 RE_VENDOR_SPECIFIC_TAG
 []


Underfull \hbox (badness 10000) in paragraph at lines 764--766
\T1/qtm/m/n/10 (\T1/qtm/m/it/10 aliro_actuator.access_protocol.defines.Auth0
 []


Overfull \hbox (0.85237pt too wide) in paragraph at lines 766--768
[]\T1/txtt/m/n/10 read() \T1/qtm/m/n/10 (\T1/qtm/m/it/10 aliro_actuator.access_
protocol.mailbox.Mailbox
 []


Overfull \hbox (12.85153pt too wide) in paragraph at lines 768--770
[]\T1/txtt/m/n/10 READ_LEN \T1/qtm/m/n/10 (\T1/qtm/m/it/10 aliro_actuator.acces
s_protocol.defines.Exchange
 []


Overfull \hbox (12.85153pt too wide) in paragraph at lines 770--772
[]\T1/txtt/m/n/10 READ_TAG \T1/qtm/m/n/10 (\T1/qtm/m/it/10 aliro_actuator.acces
s_protocol.defines.Exchange
 []


Overfull \hbox (25.32161pt too wide) in paragraph at lines 772--774
[]\T1/txtt/m/n/10 READER \T1/qtm/m/n/10 (\T1/qtm/m/it/10 aliro_actuator.access_
protocol.encryption.DeviceType
 []


Underfull \hbox (badness 10000) in paragraph at lines 774--776
[]\T1/txtt/m/n/10 READER \T1/qtm/m/n/10 (\T1/qtm/m/it/10 aliro_actuator.transpo
rt_protocol.Mode at-
 []


Overfull \hbox (39.96143pt too wide) in paragraph at lines 778--780
[]\T1/txtt/m/n/10 READER_EPUBK_LEN \T1/qtm/m/n/10 (\T1/qtm/m/it/10 aliro_actuat
or.access_protocol.defines.Auth0
 []


Overfull \hbox (39.96143pt too wide) in paragraph at lines 780--782
[]\T1/txtt/m/n/10 READER_EPUBK_TAG \T1/qtm/m/n/10 (\T1/qtm/m/it/10 aliro_actuat
or.access_protocol.defines.Auth0
 []


Overfull \hbox (63.69144pt too wide) in paragraph at lines 782--784
[]\T1/txtt/m/n/10 READER_EPUBK_TAG \T1/qtm/m/n/10 (\T1/qtm/m/it/10 aliro_actuat
or.access_protocol.defines.ReaderAuth
 []


Overfull \hbox (82.16144pt too wide) in paragraph at lines 784--786
[]\T1/txtt/m/n/10 READER_EPUBK_TAG \T1/qtm/m/n/10 (\T1/qtm/m/it/10 aliro_actuat
or.access_protocol.defines.UserDeviceAuth
 []


Underfull \hbox (badness 10000) in paragraph at lines 786--788
[]\T1/txtt/m/n/10 reader_group_identifier
 []


Underfull \hbox (badness 10000) in paragraph at lines 786--788
\T1/qtm/m/n/10 (\T1/qtm/m/it/10 aliro_actuator.access_protocol.reader.Reader
 []


Underfull \hbox (badness 10000) in paragraph at lines 788--790
[]\T1/txtt/m/n/10 reader_group_identifier
 []


Overfull \hbox (27.1225pt too wide) in paragraph at lines 788--790
\T1/qtm/m/n/10 (\T1/qtm/m/it/10 aliro_actuator.access_protocol.reader.ReaderSes
sion
 []


Underfull \hbox (badness 10000) in paragraph at lines 790--792
[]\T1/txtt/m/n/10 reader_group_identifier
 []


Overfull \hbox (39.93251pt too wide) in paragraph at lines 790--792
\T1/qtm/m/n/10 (\T1/qtm/m/it/10 aliro_actuator.access_protocol.user_device.User
Session
 []


Underfull \hbox (badness 10000) in paragraph at lines 792--794
[]\T1/txtt/m/n/10 reader_group_sub_identifier
 []


Underfull \hbox (badness 10000) in paragraph at lines 792--794
\T1/qtm/m/n/10 (\T1/qtm/m/it/10 aliro_actuator.access_protocol.reader.Reader
 []


Underfull \hbox (badness 10000) in paragraph at lines 794--796
[]\T1/txtt/m/n/10 reader_group_sub_identifier
 []


Overfull \hbox (27.1225pt too wide) in paragraph at lines 794--796
\T1/qtm/m/n/10 (\T1/qtm/m/it/10 aliro_actuator.access_protocol.reader.ReaderSes
sion
 []


Underfull \hbox (badness 10000) in paragraph at lines 796--798
[]\T1/txtt/m/n/10 reader_group_sub_identifier
 []


Overfull \hbox (39.93251pt too wide) in paragraph at lines 796--798
\T1/qtm/m/n/10 (\T1/qtm/m/it/10 aliro_actuator.access_protocol.user_device.User
Session
 []


Overfull \hbox (48.04224pt too wide) in paragraph at lines 798--800
[]\T1/txtt/m/n/10 reader_identifier \T1/qtm/m/n/10 (\T1/qtm/m/it/10 aliro_actua
tor.access_protocol.reader.Reader
 []


Overfull \hbox (78.04224pt too wide) in paragraph at lines 800--802
[]\T1/txtt/m/n/10 reader_identifier \T1/qtm/m/n/10 (\T1/qtm/m/it/10 aliro_actua
tor.access_protocol.reader.ReaderSession
 []


Overfull \hbox (90.85225pt too wide) in paragraph at lines 802--804
[]\T1/txtt/m/n/10 reader_identifier \T1/qtm/m/n/10 (\T1/qtm/m/it/10 aliro_actua
tor.access_protocol.user_device.UserSession
 []


Underfull \hbox (badness 10000) in paragraph at lines 804--806
[]\T1/txtt/m/n/10 READER_IDENTIFIER_LEN
 []


Underfull \hbox (badness 10000) in paragraph at lines 804--806
\T1/qtm/m/n/10 (\T1/qtm/m/it/10 aliro_actuator.access_protocol.defines.Auth0
 []


Underfull \hbox (badness 10000) in paragraph at lines 806--808
[]\T1/txtt/m/n/10 READER_IDENTIFIER_TAG
 []


Underfull \hbox (badness 10000) in paragraph at lines 806--808
\T1/qtm/m/n/10 (\T1/qtm/m/it/10 aliro_actuator.access_protocol.defines.Auth0
 []


Underfull \hbox (badness 10000) in paragraph at lines 808--810
[]\T1/txtt/m/n/10 READER_IDENTIFIER_TAG
 []


Overfull \hbox (18.0225pt too wide) in paragraph at lines 808--810
\T1/qtm/m/n/10 (\T1/qtm/m/it/10 aliro_actuator.access_protocol.defines.ReaderAu
th
 []


Underfull \hbox (badness 10000) in paragraph at lines 810--812
[]\T1/txtt/m/n/10 READER_IDENTIFIER_TAG
 []


Overfull \hbox (36.49251pt too wide) in paragraph at lines 810--812
\T1/qtm/m/n/10 (\T1/qtm/m/it/10 aliro_actuator.access_protocol.defines.UserDevi
ceAuth
 []


Overfull \hbox (29.46146pt too wide) in paragraph at lines 812--814
[]\T1/txtt/m/n/10 READER_SIG_LEN \T1/qtm/m/n/10 (\T1/qtm/m/it/10 aliro_actuator
.access_protocol.defines.Auth1
 []


Overfull \hbox (29.46146pt too wide) in paragraph at lines 814--816
[]\T1/txtt/m/n/10 READER_SIG_TAG \T1/qtm/m/n/10 (\T1/qtm/m/it/10 aliro_actuator
.access_protocol.defines.Auth1
 []


Overfull \hbox (19.17732pt too wide) in paragraph at lines 816--818
[]\T1/txtt/m/n/10 ReaderAuth \T1/qtm/m/n/10 (\T1/qtm/m/it/10 class in aliro_act
uator.access_protocol.defines\T1/qtm/m/n/10 ),
 []

[57]
Underfull \hbox (badness 10000) in paragraph at lines 818--820
[]\T1/txtt/m/n/10 ReaderFastCacheEntry \T1/qtm/m/n/10 (\T1/qtm/m/it/10 class in

 []


Underfull \hbox (badness 10000) in paragraph at lines 820--822
[]\T1/txtt/m/n/10 ReaderIdentifier \T1/qtm/m/n/10 (\T1/qtm/m/it/10 class in
 []


Overfull \hbox (12.44243pt too wide) in paragraph at lines 820--822
\T1/qtm/m/it/10 aliro_actuator.trust_framework.reader_identifier\T1/qtm/m/n/10 
),
 []


Underfull \hbox (badness 10000) in paragraph at lines 822--824
[]\T1/txtt/m/n/10 ReaderSession \T1/qtm/m/n/10 (\T1/qtm/m/it/10 class in
 []


Underfull \hbox (badness 10000) in paragraph at lines 824--826
[]\T1/txtt/m/n/10 ReaderStorage \T1/qtm/m/n/10 (\T1/qtm/m/it/10 class in
 []


Overfull \hbox (54.07219pt too wide) in paragraph at lines 826--828
[]\T1/txtt/m/n/10 receive_message() \T1/qtm/m/n/10 (\T1/qtm/m/it/10 aliro_actua
tor.hw_driver.pn7160_driver.Driver
 []


Underfull \hbox (badness 10000) in paragraph at lines 828--830
[]\T1/txtt/m/n/10 remove_kpersistent()
 []


Overfull \hbox (27.28249pt too wide) in paragraph at lines 828--830
\T1/qtm/m/n/10 (\T1/qtm/m/it/10 aliro_actuator.access_protocol.reader.ReaderSto
rage
 []


Underfull \hbox (badness 10000) in paragraph at lines 830--832
[]\T1/txtt/m/n/10 remove_kpersistent()
 []


Overfull \hbox (40.0925pt too wide) in paragraph at lines 830--832
\T1/qtm/m/n/10 (\T1/qtm/m/it/10 aliro_actuator.access_protocol.user_device.User
Storage
 []


Overfull \hbox (2.91154pt too wide) in paragraph at lines 832--834
[]\T1/txtt/m/n/10 REQUEST \T1/qtm/m/n/10 (\T1/qtm/m/it/10 aliro_actuator.transp
ort_protocol.MessageType
 []


Overfull \hbox (8.16153pt too wide) in paragraph at lines 834--836
[]\T1/txtt/m/n/10 RESPONSE \T1/qtm/m/n/10 (\T1/qtm/m/it/10 aliro_actuator.trans
port_protocol.MessageType
 []


Overfull \hbox (0.88736pt too wide) in paragraph at lines 836--838
[]\T1/txtt/m/n/10 Response \T1/qtm/m/n/10 (\T1/qtm/m/it/10 class in aliro_actua
tor.access_protocol.apdu\T1/qtm/m/n/10 ),
 []


Overfull \hbox (83.36227pt too wide) in paragraph at lines 838--840
[]\T1/txtt/m/n/10 response_auth0() \T1/qtm/m/n/10 (\T1/qtm/m/it/10 aliro_actuat
or.access_protocol.user_device.UserDevice
 []


Overfull \hbox (83.36227pt too wide) in paragraph at lines 840--842
[]\T1/txtt/m/n/10 response_auth1() \T1/qtm/m/n/10 (\T1/qtm/m/it/10 aliro_actuat
or.access_protocol.user_device.UserDevice
 []


Underfull \hbox (badness 10000) in paragraph at lines 842--844
[]\T1/txtt/m/n/10 response_control_flow()
 []


Overfull \hbox (37.69252pt too wide) in paragraph at lines 842--844
\T1/qtm/m/n/10 (\T1/qtm/m/it/10 aliro_actuator.access_protocol.user_device.User
Device
 []


Underfull \hbox (badness 10000) in paragraph at lines 844--846
[]\T1/txtt/m/n/10 response_envelope()
 []


Overfull \hbox (37.69252pt too wide) in paragraph at lines 844--846
\T1/qtm/m/n/10 (\T1/qtm/m/it/10 aliro_actuator.access_protocol.user_device.User
Device
 []


Underfull \hbox (badness 10000) in paragraph at lines 846--848
[]\T1/txtt/m/n/10 response_exchange()
 []


Overfull \hbox (37.69252pt too wide) in paragraph at lines 846--848
\T1/qtm/m/n/10 (\T1/qtm/m/it/10 aliro_actuator.access_protocol.user_device.User
Device
 []


Underfull \hbox (badness 10000) in paragraph at lines 848--850
[]\T1/txtt/m/n/10 response_get_response()
 []


Overfull \hbox (37.69252pt too wide) in paragraph at lines 848--850
\T1/qtm/m/n/10 (\T1/qtm/m/it/10 aliro_actuator.access_protocol.user_device.User
Device
 []


Underfull \hbox (badness 10000) in paragraph at lines 850--852
[]\T1/txtt/m/n/10 response_load_cert()
 []


Overfull \hbox (37.69252pt too wide) in paragraph at lines 850--852
\T1/qtm/m/n/10 (\T1/qtm/m/it/10 aliro_actuator.access_protocol.user_device.User
Device
 []


Overfull \hbox (88.61226pt too wide) in paragraph at lines 852--854
[]\T1/txtt/m/n/10 response_select() \T1/qtm/m/n/10 (\T1/qtm/m/it/10 aliro_actua
tor.access_protocol.user_device.UserDevice
 []


Overfull \hbox (0.99236pt too wide) in paragraph at lines 854--856
[]\T1/txtt/m/n/10 retrieve() \T1/qtm/m/n/10 (\T1/qtm/m/it/10 aliro_actuator.acc
ess_document.Document
 []


Underfull \hbox (badness 10000) in paragraph at lines 856--858
[]\T1/txtt/m/n/10 return_exchange_error_and_close_channel()
 []


Overfull \hbox (37.69252pt too wide) in paragraph at lines 856--858
\T1/qtm/m/n/10 (\T1/qtm/m/it/10 aliro_actuator.access_protocol.user_device.User
Device
 []


Underfull \hbox (badness 10000) in paragraph at lines 858--860
[]\T1/txtt/m/n/10 REVOCATION_TIMESTAMP_LEN
 []


Underfull \hbox (badness 10000) in paragraph at lines 858--860
\T1/qtm/m/n/10 (\T1/qtm/m/it/10 aliro_actuator.access_protocol.defines.Auth1
 []


Underfull \hbox (badness 10000) in paragraph at lines 860--862
[]\T1/txtt/m/n/10 REVOCATION_TIMESTAMP_TAG
 []


Underfull \hbox (badness 10000) in paragraph at lines 860--862
\T1/qtm/m/n/10 (\T1/qtm/m/it/10 aliro_actuator.access_protocol.defines.Auth1
 []


Underfull \hbox (badness 10000) in paragraph at lines 862--864
[]\T1/txtt/m/n/10 RevocationDocument \T1/qtm/m/n/10 (\T1/qtm/m/it/10 class in
 []


Overfull \hbox (34.78249pt too wide) in paragraph at lines 862--864
\T1/qtm/m/it/10 aliro_actuator.access_document.revocation_document\T1/qtm/m/n/1
0 ),
 []


Overfull \hbox (14.95158pt too wide) in paragraph at lines 868--870
[]\T1/txtt/m/n/10 S1_LEN \T1/qtm/m/n/10 (\T1/qtm/m/it/10 aliro_actuator.access_
protocol.defines.ControlFlow
 []


Overfull \hbox (14.95158pt too wide) in paragraph at lines 870--872
[]\T1/txtt/m/n/10 S1_TAG \T1/qtm/m/n/10 (\T1/qtm/m/it/10 aliro_actuator.access_
protocol.defines.ControlFlow
 []


Overfull \hbox (14.95158pt too wide) in paragraph at lines 873--875
[]\T1/txtt/m/n/10 S2_LEN \T1/qtm/m/n/10 (\T1/qtm/m/it/10 aliro_actuator.access_
protocol.defines.ControlFlow
 []


Overfull \hbox (14.95158pt too wide) in paragraph at lines 875--877
[]\T1/txtt/m/n/10 S2_TAG \T1/qtm/m/n/10 (\T1/qtm/m/it/10 aliro_actuator.access_
protocol.defines.ControlFlow
 []


Underfull \hbox (badness 10000) in paragraph at lines 877--879
[]\T1/txtt/m/n/10 SECURITY_STATUS_NOT_SATISFIED
 []


Overfull \hbox (8.54251pt too wide) in paragraph at lines 877--879
\T1/qtm/m/n/10 (\T1/qtm/m/it/10 aliro_actuator.access_protocol.apdu.StatusBytes

 []


Underfull \hbox (badness 10000) in paragraph at lines 879--881
[]\T1/txtt/m/n/10 SELECT \T1/qtm/m/n/10 (\T1/qtm/m/it/10 aliro_actuator.access_
protocol.apdu.INS
 []


Overfull \hbox (79.05153pt too wide) in paragraph at lines 883--885
[]\T1/txtt/m/n/10 SELECT_DONE \T1/qtm/m/n/10 (\T1/qtm/m/it/10 aliro_actuator.ac
cess_protocol.user_device.UserSessionState
 []


Underfull \hbox (badness 10000) in paragraph at lines 885--887
[]\T1/txtt/m/n/10 SELECT_STEP_UP_DONE
 []


Overfull \hbox (59.63252pt too wide) in paragraph at lines 885--887
\T1/qtm/m/n/10 (\T1/qtm/m/it/10 aliro_actuator.access_protocol.user_device.User
SessionState
 []


Overfull \hbox (1.12183pt too wide) in paragraph at lines 887--889
[]\T1/txtt/m/n/10 send_initiate_access_protocol_notification()
 []


Overfull \hbox (37.69252pt too wide) in paragraph at lines 887--889
\T1/qtm/m/n/10 (\T1/qtm/m/it/10 aliro_actuator.access_protocol.user_device.User
Device
 []


Overfull \hbox (38.32224pt too wide) in paragraph at lines 889--891
[]\T1/txtt/m/n/10 send_message() \T1/qtm/m/n/10 (\T1/qtm/m/it/10 aliro_actuator
.hw_driver.pn7160_driver.Driver
 []


Overfull \hbox (62.21227pt too wide) in paragraph at lines 891--893
[]\T1/txtt/m/n/10 send_message() \T1/qtm/m/n/10 (\T1/qtm/m/it/10 aliro_actuator
.transport_protocol.ble_uwb.BLEUWB
 []


Overfull \hbox (20.55226pt too wide) in paragraph at lines 893--895
[]\T1/txtt/m/n/10 send_message() \T1/qtm/m/n/10 (\T1/qtm/m/it/10 aliro_actuator
.transport_protocol.nfc.NFC
 []


Overfull \hbox (39.07225pt too wide) in paragraph at lines 895--897
[]\T1/txtt/m/n/10 send_message() \T1/qtm/m/n/10 (\T1/qtm/m/it/10 aliro_actuator
.transport_protocol.socket.Socket
 []


Overfull \hbox (79.33223pt too wide) in paragraph at lines 897--899
[]\T1/txtt/m/n/10 send_message() \T1/qtm/m/n/10 (\T1/qtm/m/it/10 aliro_actuator
.transport_protocol.TransportProtocolBase
 []


Overfull \hbox (89.5515pt too wide) in paragraph at lines 899--901
[]\T1/txtt/m/n/10 SESSION_START \T1/qtm/m/n/10 (\T1/qtm/m/it/10 aliro_actuator.
access_protocol.user_device.UserSessionState
 []


Overfull \hbox (74.55162pt too wide) in paragraph at lines 902--904
[]\T1/txtt/m/n/10 SET \T1/qtm/m/n/10 (\T1/qtm/m/it/10 aliro_actuator.access_pro
tocol.user_device.MailboxSession.Command
 []


Underfull \hbox (badness 10000) in paragraph at lines 906--908
[]\T1/txtt/m/n/10 set_access_credential()
 []


Overfull \hbox (39.93251pt too wide) in paragraph at lines 906--908
\T1/qtm/m/n/10 (\T1/qtm/m/it/10 aliro_actuator.access_protocol.user_device.User
Session
 []


Overfull \hbox (85.60226pt too wide) in paragraph at lines 908--910
[]\T1/txtt/m/n/10 set_auth0_data() \T1/qtm/m/n/10 (\T1/qtm/m/it/10 aliro_actuat
or.access_protocol.user_device.UserSession
 []

[58]
Overfull \hbox (72.79225pt too wide) in paragraph at lines 910--912
[]\T1/txtt/m/n/10 set_auth1_info() \T1/qtm/m/n/10 (\T1/qtm/m/it/10 aliro_actuat
or.access_protocol.reader.ReaderSession
 []


Underfull \hbox (badness 10000) in paragraph at lines 912--914
[]\T1/txtt/m/n/10 set_cert_and_verify()
 []


Overfull \hbox (39.93251pt too wide) in paragraph at lines 912--914
\T1/qtm/m/n/10 (\T1/qtm/m/it/10 aliro_actuator.access_protocol.user_device.User
Session
 []


Underfull \hbox (badness 10000) in paragraph at lines 914--916
[]\T1/txtt/m/n/10 set_credential_ephemeral_key()
 []


Overfull \hbox (27.1225pt too wide) in paragraph at lines 914--916
\T1/qtm/m/n/10 (\T1/qtm/m/it/10 aliro_actuator.access_protocol.reader.ReaderSes
sion
 []


Underfull \hbox (badness 10000) in paragraph at lines 916--918
[]\T1/txtt/m/n/10 set_credential_public_key()
 []


Overfull \hbox (27.1225pt too wide) in paragraph at lines 916--918
\T1/qtm/m/n/10 (\T1/qtm/m/it/10 aliro_actuator.access_protocol.reader.ReaderSes
sion
 []


Underfull \hbox (badness 10000) in paragraph at lines 918--920
[]\T1/txtt/m/n/10 set_cryptogram_info()
 []


Overfull \hbox (27.1225pt too wide) in paragraph at lines 918--920
\T1/qtm/m/n/10 (\T1/qtm/m/it/10 aliro_actuator.access_protocol.reader.ReaderSes
sion
 []


Overfull \hbox (41.29234pt too wide) in paragraph at lines 920--922
[]\T1/txtt/m/n/10 set_flag() \T1/qtm/m/n/10 (\T1/qtm/m/it/10 aliro_actuator.acc
ess_protocol.reader.ReaderSession
 []


Underfull \hbox (badness 10000) in paragraph at lines 922--924
[]\T1/txtt/m/n/10 set_initiate_access_protocol_info()
 []


Overfull \hbox (27.1225pt too wide) in paragraph at lines 922--924
\T1/qtm/m/n/10 (\T1/qtm/m/it/10 aliro_actuator.access_protocol.reader.ReaderSes
sion
 []


Overfull \hbox (7.60155pt too wide) in paragraph at lines 924--926
[]\T1/txtt/m/n/10 SET_LEN \T1/qtm/m/n/10 (\T1/qtm/m/it/10 aliro_actuator.access
_protocol.defines.Exchange
 []


Underfull \hbox (badness 10000) in paragraph at lines 927--929
[]\T1/txtt/m/n/10 set_response_vendor_extension()
 []


Overfull \hbox (27.1225pt too wide) in paragraph at lines 927--929
\T1/qtm/m/n/10 (\T1/qtm/m/it/10 aliro_actuator.access_protocol.reader.ReaderSes
sion
 []


Overfull \hbox (78.04224pt too wide) in paragraph at lines 929--931
[]\T1/txtt/m/n/10 set_select_info() \T1/qtm/m/n/10 (\T1/qtm/m/it/10 aliro_actua
tor.access_protocol.reader.ReaderSession
 []


Overfull \hbox (72.79225pt too wide) in paragraph at lines 931--933
[]\T1/txtt/m/n/10 set_shared_key() \T1/qtm/m/n/10 (\T1/qtm/m/it/10 aliro_actuat
or.access_protocol.reader.ReaderSession
 []


Overfull \hbox (85.60226pt too wide) in paragraph at lines 933--935
[]\T1/txtt/m/n/10 set_shared_key() \T1/qtm/m/n/10 (\T1/qtm/m/it/10 aliro_actuat
or.access_protocol.user_device.UserSession
 []


Overfull \hbox (7.60155pt too wide) in paragraph at lines 935--937
[]\T1/txtt/m/n/10 SET_TAG \T1/qtm/m/n/10 (\T1/qtm/m/it/10 aliro_actuator.access
_protocol.defines.Exchange
 []


Overfull \hbox (53.29222pt too wide) in paragraph at lines 937--939
[]\T1/txtt/m/n/10 setup_connection() \T1/qtm/m/n/10 (\T1/qtm/m/it/10 aliro_actu
ator.access_protocol.reader.Reader
 []


Overfull \hbox (93.86224pt too wide) in paragraph at lines 939--941
[]\T1/txtt/m/n/10 setup_connection() \T1/qtm/m/n/10 (\T1/qtm/m/it/10 aliro_actu
ator.access_protocol.user_device.UserDevice
 []


Overfull \hbox (78.47234pt too wide) in paragraph at lines 941--943
[]\T1/txtt/m/n/10 sign() \T1/qtm/m/n/10 (\T1/qtm/m/it/10 aliro_actuator.trust_f
ramework.access_credential.AccessCredential
 []


Underfull \hbox (badness 10000) in paragraph at lines 943--945
[]\T1/txtt/m/n/10 sign() \T1/qtm/m/n/10 (\T1/qtm/m/it/10 aliro_actuator.trust_f
ramework.key.KeyPair
 []


Underfull \hbox (badness 10000) in paragraph at lines 947--949
[]\T1/txtt/m/n/10 SIGNALING_BITMAP_LEN
 []


Underfull \hbox (badness 10000) in paragraph at lines 947--949
\T1/qtm/m/n/10 (\T1/qtm/m/it/10 aliro_actuator.access_protocol.defines.Auth1
 []


Underfull \hbox (badness 10000) in paragraph at lines 949--951
[]\T1/txtt/m/n/10 SIGNALING_BITMAP_TAG
 []


Underfull \hbox (badness 10000) in paragraph at lines 949--951
\T1/qtm/m/n/10 (\T1/qtm/m/it/10 aliro_actuator.access_protocol.defines.Auth1
 []


Overfull \hbox (6.33237pt too wide) in paragraph at lines 951--953
[]\T1/txtt/m/n/10 Socket \T1/qtm/m/n/10 (\T1/qtm/m/it/10 class in aliro_actuato
r.transport_protocol.socket\T1/qtm/m/n/10 ),
 []


Overfull \hbox (58.18149pt too wide) in paragraph at lines 953--955
[]\T1/txtt/m/n/10 SOCKET_BLE \T1/qtm/m/n/10 (\T1/qtm/m/it/10 aliro_actuator.acc
ess_protocol.defines.TransportProtocol
 []


Overfull \hbox (58.18149pt too wide) in paragraph at lines 955--957
[]\T1/txtt/m/n/10 SOCKET_NFC \T1/qtm/m/n/10 (\T1/qtm/m/it/10 aliro_actuator.acc
ess_protocol.defines.TransportProtocol
 []


Overfull \hbox (13.64153pt too wide) in paragraph at lines 957--959
[]\T1/txtt/m/n/10 STANDARD \T1/qtm/m/n/10 (\T1/qtm/m/it/10 aliro_actuator.acces
s_protocol.apdu.Transaction
 []


Overfull \hbox (51.94238pt too wide) in paragraph at lines 959--961
[]\T1/txtt/m/n/10 start() \T1/qtm/m/n/10 (\T1/qtm/m/it/10 aliro_actuator.access
_protocol.user_device.MailboxSession
 []


Underfull \hbox (badness 10000) in paragraph at lines 961--963
[]\T1/txtt/m/n/10 start_new_session()
 []


Underfull \hbox (badness 10000) in paragraph at lines 961--963
\T1/qtm/m/n/10 (\T1/qtm/m/it/10 aliro_actuator.access_protocol.reader.Reader
 []


Underfull \hbox (badness 10000) in paragraph at lines 963--965
[]\T1/txtt/m/n/10 start_new_session()
 []


Overfull \hbox (37.69252pt too wide) in paragraph at lines 963--965
\T1/qtm/m/n/10 (\T1/qtm/m/it/10 aliro_actuator.access_protocol.user_device.User
Device
 []


Overfull \hbox (58.60138pt too wide) in paragraph at lines 965--967
[]\T1/txtt/m/n/10 START_OF_DATA_TAG \T1/qtm/m/n/10 (\T1/qtm/m/it/10 aliro_actua
tor.access_protocol.mailbox.Mailbox
 []


Overfull \hbox (69.85231pt too wide) in paragraph at lines 967--969
[]\T1/txtt/m/n/10 state_valid() \T1/qtm/m/n/10 (\T1/qtm/m/it/10 aliro_actuator.
access_protocol.user_device.UserSession
 []


Underfull \hbox (badness 10000) in paragraph at lines 969--971
[]\T1/txtt/m/n/10 StatusBytes \T1/qtm/m/n/10 (\T1/qtm/m/it/10 class in
 []


Underfull \hbox (badness 10000) in paragraph at lines 971--973
[]\T1/txtt/m/n/10 step_up_aid_select_required()
 []


Overfull \hbox (27.1225pt too wide) in paragraph at lines 971--973
\T1/qtm/m/n/10 (\T1/qtm/m/it/10 aliro_actuator.access_protocol.reader.ReaderSes
sion
 []


Underfull \hbox (badness 10000) in paragraph at lines 973--975
[]\T1/txtt/m/n/10 step_up_transaction()
 []


Underfull \hbox (badness 10000) in paragraph at lines 973--975
\T1/qtm/m/n/10 (\T1/qtm/m/it/10 aliro_actuator.access_protocol.reader.Reader
 []


Overfull \hbox (46.6924pt too wide) in paragraph at lines 975--977
[]\T1/txtt/m/n/10 stop() \T1/qtm/m/n/10 (\T1/qtm/m/it/10 aliro_actuator.access_
protocol.user_device.MailboxSession
 []


Underfull \hbox (badness 10000) in paragraph at lines 977--979
[]\T1/txtt/m/n/10 store() \T1/qtm/m/n/10 (\T1/qtm/m/it/10 aliro_actuator.access
_document.Document
 []


Overfull \hbox (6.96158pt too wide) in paragraph at lines 979--981
[]\T1/txtt/m/n/10 SUCCESS \T1/qtm/m/n/10 (\T1/qtm/m/it/10 aliro_actuator.access
_protocol.apdu.StatusBytes
 []


Underfull \hbox (badness 10000) in paragraph at lines 981--983
[]\T1/txtt/m/n/10 support_extended_length_apdu
 []


Underfull \hbox (badness 10000) in paragraph at lines 981--983
\T1/qtm/m/n/10 (\T1/qtm/m/it/10 aliro_actuator.access_protocol.Device prop-
 []


Underfull \hbox (badness 10000) in paragraph at lines 983--985
[]\T1/txtt/m/n/10 sw1 \T1/qtm/m/n/10 (\T1/qtm/m/it/10 aliro_actuator.access_pro
tocol.apdu.Response
 []


Underfull \hbox (badness 10000) in paragraph at lines 985--987
[]\T1/txtt/m/n/10 sw2 \T1/qtm/m/n/10 (\T1/qtm/m/it/10 aliro_actuator.access_pro
tocol.apdu.Response
 []


Overfull \hbox (64.28229pt too wide) in paragraph at lines 990--992
[]\T1/txtt/m/n/10 technology \T1/qtm/m/n/10 (\T1/qtm/m/it/10 aliro_actuator.hw_
driver.pn7160_driver.api.nfc_tag_info_t
 []


Underfull \hbox (badness 10000) in paragraph at lines 992--994
[]\T1/txtt/m/n/10 TECHNOLOGY_MASK \T1/qtm/m/n/10 (\T1/qtm/m/it/10 class in
 []


Underfull \hbox (badness 10000) in paragraph at lines 992--994
\T1/qtm/m/it/10 aliro_actuator.hw_driver.pn7160_driver.api\T1/qtm/m/n/10 ),
 []


Overfull \hbox (15.37163pt too wide) in paragraph at lines 994--996
[]\T1/txtt/m/n/10 TEST \T1/qtm/m/n/10 (\T1/qtm/m/it/10 aliro_actuator.access_pr
otocol.user_device.UserMode
 []


Overfull \hbox (11.44234pt too wide) in paragraph at lines 998--1000
[]\T1/txtt/m/n/10 to_bytes() \T1/qtm/m/n/10 (\T1/qtm/m/it/10 aliro_actuator.acc
ess_protocol.apdu.Message
 []


Underfull \hbox (badness 10000) in paragraph at lines 1000--1002
[]\T1/txtt/m/n/10 to_bytes() \T1/qtm/m/n/10 (\T1/qtm/m/it/10 aliro_actuator.acc
ess_protocol.tlv.TLV
 []


Underfull \hbox (badness 10000) in paragraph at lines 1002--1004
[]\T1/txtt/m/n/10 to_data() \T1/qtm/m/n/10 (\T1/qtm/m/it/10 aliro_actuator.acce
ss_protocol.tlv.TLV
 []

[59]
Underfull \hbox (badness 10000) in paragraph at lines 1004--1006
[]\T1/txtt/m/n/10 to_print() \T1/qtm/m/n/10 (\T1/qtm/m/it/10 aliro_actuator.acc
ess_protocol.tlv.TLV
 []


Underfull \hbox (badness 10000) in paragraph at lines 1006--1008
[]\T1/txtt/m/n/10 Transaction \T1/qtm/m/n/10 (\T1/qtm/m/it/10 class in
 []


Underfull \hbox (badness 10000) in paragraph at lines 1008--1010
[]\T1/txtt/m/n/10 TRANSACTION_CODE_LEN
 []


Underfull \hbox (badness 10000) in paragraph at lines 1008--1010
\T1/qtm/m/n/10 (\T1/qtm/m/it/10 aliro_actuator.access_protocol.defines.Auth0
 []


Underfull \hbox (badness 10000) in paragraph at lines 1010--1012
[]\T1/txtt/m/n/10 TRANSACTION_CODE_TAG
 []


Underfull \hbox (badness 10000) in paragraph at lines 1010--1012
\T1/qtm/m/n/10 (\T1/qtm/m/it/10 aliro_actuator.access_protocol.defines.Auth0
 []


Overfull \hbox (50.4614pt too wide) in paragraph at lines 1012--1014
[]\T1/txtt/m/n/10 TRANSACTION_ID_LEN \T1/qtm/m/n/10 (\T1/qtm/m/it/10 aliro_actu
ator.access_protocol.defines.Auth0
 []


Overfull \hbox (50.4614pt too wide) in paragraph at lines 1014--1016
[]\T1/txtt/m/n/10 TRANSACTION_ID_TAG \T1/qtm/m/n/10 (\T1/qtm/m/it/10 aliro_actu
ator.access_protocol.defines.Auth0
 []


Underfull \hbox (badness 10000) in paragraph at lines 1016--1018
[]\T1/txtt/m/n/10 transaction_identifier
 []


Overfull \hbox (27.1225pt too wide) in paragraph at lines 1016--1018
\T1/qtm/m/n/10 (\T1/qtm/m/it/10 aliro_actuator.access_protocol.reader.ReaderSes
sion
 []


Underfull \hbox (badness 10000) in paragraph at lines 1018--1020
[]\T1/txtt/m/n/10 TRANSACTION_IDENTIFIER_TAG
 []


Overfull \hbox (18.0225pt too wide) in paragraph at lines 1018--1020
\T1/qtm/m/n/10 (\T1/qtm/m/it/10 aliro_actuator.access_protocol.defines.ReaderAu
th
 []


Underfull \hbox (badness 10000) in paragraph at lines 1020--1022
[]\T1/txtt/m/n/10 TRANSACTION_IDENTIFIER_TAG
 []


Overfull \hbox (36.49251pt too wide) in paragraph at lines 1020--1022
\T1/qtm/m/n/10 (\T1/qtm/m/it/10 aliro_actuator.access_protocol.defines.UserDevi
ceAuth
 []


Underfull \hbox (badness 10000) in paragraph at lines 1022--1024
[]\T1/txtt/m/n/10 transaction_initiation()
 []


Underfull \hbox (badness 10000) in paragraph at lines 1022--1024
\T1/qtm/m/n/10 (\T1/qtm/m/it/10 aliro_actuator.access_protocol.reader.Reader
 []


Underfull \hbox (badness 10000) in paragraph at lines 1024--1026
[]\T1/txtt/m/n/10 transaction_initiation()
 []


Overfull \hbox (37.69252pt too wide) in paragraph at lines 1024--1026
\T1/qtm/m/n/10 (\T1/qtm/m/it/10 aliro_actuator.access_protocol.user_device.User
Device
 []


Underfull \hbox (badness 10000) in paragraph at lines 1026--1028
[]\T1/txtt/m/n/10 transaction_termination()
 []


Underfull \hbox (badness 10000) in paragraph at lines 1026--1028
\T1/qtm/m/n/10 (\T1/qtm/m/it/10 aliro_actuator.access_protocol.reader.Reader
 []


Underfull \hbox (badness 10000) in paragraph at lines 1028--1030
[]\T1/txtt/m/n/10 transaction_termination()
 []


Overfull \hbox (37.69252pt too wide) in paragraph at lines 1028--1030
\T1/qtm/m/n/10 (\T1/qtm/m/it/10 aliro_actuator.access_protocol.user_device.User
Device
 []


Underfull \hbox (badness 10000) in paragraph at lines 1030--1032
[]\T1/txtt/m/n/10 TransactionCode \T1/qtm/m/n/10 (\T1/qtm/m/it/10 class in
 []


Underfull \hbox (badness 10000) in paragraph at lines 1032--1034
[]\T1/txtt/m/n/10 TransportProtocol \T1/qtm/m/n/10 (\T1/qtm/m/it/10 class in
 []


Underfull \hbox (badness 10000) in paragraph at lines 1034--1036
[]\T1/txtt/m/n/10 TransportProtocolBase \T1/qtm/m/n/10 (\T1/qtm/m/it/10 class i
n
 []


Overfull \hbox (27.5324pt too wide) in paragraph at lines 1045--1047
[]\T1/txtt/m/n/10 uid \T1/qtm/m/n/10 (\T1/qtm/m/it/10 aliro_actuator.hw_driver.
pn7160_driver.api.nfc_tag_info_t
 []


Overfull \hbox (64.28229pt too wide) in paragraph at lines 1047--1049
[]\T1/txtt/m/n/10 uid_length \T1/qtm/m/n/10 (\T1/qtm/m/it/10 aliro_actuator.hw_
driver.pn7160_driver.api.nfc_tag_info_t
 []


Overfull \hbox (44.35144pt too wide) in paragraph at lines 1054--1056
[]\T1/txtt/m/n/10 UPDATE_DOC_TAG \T1/qtm/m/n/10 (\T1/qtm/m/it/10 aliro_actuator
.access_protocol.defines.Exchange
 []


Overfull \hbox (75.1023pt too wide) in paragraph at lines 1056--1058
[]\T1/txtt/m/n/10 update_state() \T1/qtm/m/n/10 (\T1/qtm/m/it/10 aliro_actuator
.access_protocol.user_device.UserSession
 []


Overfull \hbox (12.85153pt too wide) in paragraph at lines 1058--1060
[]\T1/txtt/m/n/10 URSK_TAG \T1/qtm/m/n/10 (\T1/qtm/m/it/10 aliro_actuator.acces
s_protocol.defines.Exchange
 []


Overfull \hbox (5.9416pt too wide) in paragraph at lines 1060--1062
[]\T1/txtt/m/n/10 USAGE \T1/qtm/m/n/10 (\T1/qtm/m/it/10 aliro_actuator.access_p
rotocol.defines.ReaderAuth
 []


Overfull \hbox (24.4116pt too wide) in paragraph at lines 1062--1064
[]\T1/txtt/m/n/10 USAGE \T1/qtm/m/n/10 (\T1/qtm/m/it/10 aliro_actuator.access_p
rotocol.defines.UserDeviceAuth
 []


Overfull \hbox (26.94154pt too wide) in paragraph at lines 1064--1066
[]\T1/txtt/m/n/10 USAGE_TAG \T1/qtm/m/n/10 (\T1/qtm/m/it/10 aliro_actuator.acce
ss_protocol.defines.ReaderAuth
 []


Overfull \hbox (45.41154pt too wide) in paragraph at lines 1066--1068
[]\T1/txtt/m/n/10 USAGE_TAG \T1/qtm/m/n/10 (\T1/qtm/m/it/10 aliro_actuator.acce
ss_protocol.defines.UserDeviceAuth
 []


Overfull \hbox (14.82164pt too wide) in paragraph at lines 1068--1070
[]\T1/txtt/m/n/10 USER \T1/qtm/m/n/10 (\T1/qtm/m/it/10 aliro_actuator.access_pr
otocol.encryption.DeviceType
 []


Overfull \hbox (15.37163pt too wide) in paragraph at lines 1070--1072
[]\T1/txtt/m/n/10 USER \T1/qtm/m/n/10 (\T1/qtm/m/it/10 aliro_actuator.access_pr
otocol.user_device.UserMode
 []


Overfull \hbox (50.50148pt too wide) in paragraph at lines 1072--1074
[]\T1/txtt/m/n/10 USER_DEVICE \T1/qtm/m/n/10 (\T1/qtm/m/it/10 aliro_actuator.ac
cess_protocol.apdu.TransactionCode
 []


Underfull \hbox (badness 10000) in paragraph at lines 1074--1076
[]\T1/txtt/m/n/10 USER_DEVICE \T1/qtm/m/n/10 (\T1/qtm/m/it/10 aliro_actuator.tr
ansport_protocol.Mode
 []


Underfull \hbox (badness 10000) in paragraph at lines 1076--1078
[]\T1/txtt/m/n/10 USER_DEVICE_SECURE_ACTION
 []


Overfull \hbox (31.08247pt too wide) in paragraph at lines 1076--1078
\T1/qtm/m/n/10 (\T1/qtm/m/it/10 aliro_actuator.access_protocol.apdu.Transaction
Code
 []


Underfull \hbox (badness 10000) in paragraph at lines 1078--1080
[]\T1/txtt/m/n/10 USER_DEVICE_SIG_LEN
 []


Underfull \hbox (badness 10000) in paragraph at lines 1078--1080
\T1/qtm/m/n/10 (\T1/qtm/m/it/10 aliro_actuator.access_protocol.defines.Auth1
 []


Underfull \hbox (badness 10000) in paragraph at lines 1080--1082
[]\T1/txtt/m/n/10 USER_DEVICE_SIG_TAG
 []


Underfull \hbox (badness 10000) in paragraph at lines 1080--1082
\T1/qtm/m/n/10 (\T1/qtm/m/it/10 aliro_actuator.access_protocol.defines.Auth1
 []


Overfull \hbox (39.11235pt too wide) in paragraph at lines 1082--1084
[]\T1/txtt/m/n/10 UserDevice \T1/qtm/m/n/10 (\T1/qtm/m/it/10 class in aliro_act
uator.access_protocol.user_device\T1/qtm/m/n/10 ),
 []


Underfull \hbox (badness 10000) in paragraph at lines 1084--1086
[]\T1/txtt/m/n/10 UserDeviceAuth \T1/qtm/m/n/10 (\T1/qtm/m/it/10 class in
 []


Overfull \hbox (28.61238pt too wide) in paragraph at lines 1086--1088
[]\T1/txtt/m/n/10 UserMode \T1/qtm/m/n/10 (\T1/qtm/m/it/10 class in aliro_actua
tor.access_protocol.user_device\T1/qtm/m/n/10 ),
 []


Underfull \hbox (badness 10000) in paragraph at lines 1088--1090
[]\T1/txtt/m/n/10 UserSession \T1/qtm/m/n/10 (\T1/qtm/m/it/10 class in
 []


Underfull \hbox (badness 10000) in paragraph at lines 1088--1090
\T1/qtm/m/it/10 aliro_actuator.access_protocol.user_device\T1/qtm/m/n/10 ),
 []


Underfull \hbox (badness 10000) in paragraph at lines 1090--1092
[]\T1/txtt/m/n/10 UserSessionState \T1/qtm/m/n/10 (\T1/qtm/m/it/10 class in
 []


Underfull \hbox (badness 10000) in paragraph at lines 1090--1092
\T1/qtm/m/it/10 aliro_actuator.access_protocol.user_device\T1/qtm/m/n/10 ),
 []


Underfull \hbox (badness 10000) in paragraph at lines 1092--1094
[]\T1/txtt/m/n/10 UserStorage \T1/qtm/m/n/10 (\T1/qtm/m/it/10 class in
 []


Underfull \hbox (badness 10000) in paragraph at lines 1092--1094
\T1/qtm/m/it/10 aliro_actuator.access_protocol.user_device\T1/qtm/m/n/10 ),
 []


Underfull \hbox (badness 10000) in paragraph at lines 1097--1099
[]\T1/txtt/m/n/10 validate_credential()
 []


Overfull \hbox (87.68251pt too wide) in paragraph at lines 1097--1099
\T1/qtm/m/n/10 (\T1/qtm/m/it/10 aliro_actuator.access_document.access_credentia
l.AccessDocument
 []

[60]
Underfull \hbox (badness 10000) in paragraph at lines 1099--1101
[]\T1/txtt/m/n/10 VENDOR_SPECIFIC_MAX_LEN
 []


Underfull \hbox (badness 10000) in paragraph at lines 1099--1101
\T1/qtm/m/n/10 (\T1/qtm/m/it/10 aliro_actuator.access_protocol.defines.Auth0
 []


Underfull \hbox (badness 10000) in paragraph at lines 1101--1103
[]\T1/txtt/m/n/10 VENDOR_SPECIFIC_TAG
 []


Underfull \hbox (badness 10000) in paragraph at lines 1101--1103
\T1/qtm/m/n/10 (\T1/qtm/m/it/10 aliro_actuator.access_protocol.defines.Auth0
 []


Underfull \hbox (badness 10000) in paragraph at lines 1103--1105
[]\T1/txtt/m/n/10 VENDOR_SPECIFIC_TAG
 []


Underfull \hbox (badness 10000) in paragraph at lines 1103--1105
\T1/qtm/m/n/10 (\T1/qtm/m/it/10 aliro_actuator.access_protocol.defines.Select
 []


Overfull \hbox (30.24232pt too wide) in paragraph at lines 1106--1108
[]\T1/txtt/m/n/10 verify() \T1/qtm/m/n/10 (\T1/qtm/m/it/10 aliro_actuator.trust
_framework.certificate.Certificate
 []


Underfull \hbox (badness 10000) in paragraph at lines 1108--1110
[]\T1/txtt/m/n/10 verify() \T1/qtm/m/n/10 (\T1/qtm/m/it/10 aliro_actuator.trust
_framework.key.KeyPair
 []


Overfull \hbox (2.66234pt too wide) in paragraph at lines 1110--1112
[]\T1/txtt/m/n/10 verify() \T1/qtm/m/n/10 (\T1/qtm/m/it/10 aliro_actuator.trust
_framework.key.PublicKey
 []


Overfull \hbox (93.86224pt too wide) in paragraph at lines 1116--1118
[]\T1/txtt/m/n/10 wait_for_command() \T1/qtm/m/n/10 (\T1/qtm/m/it/10 aliro_actu
ator.access_protocol.user_device.UserDevice
 []


Underfull \hbox (badness 10000) in paragraph at lines 1118--1120
[]\T1/txtt/m/n/10 wait_for_connection()
 []


Overfull \hbox (27.04248pt too wide) in paragraph at lines 1118--1120
\T1/qtm/m/n/10 (\T1/qtm/m/it/10 aliro_actuator.transport_protocol.ble_uwb.BLEUW
B
 []


Underfull \hbox (badness 10000) in paragraph at lines 1120--1122
[]\T1/txtt/m/n/10 wait_for_connection()
 []


Underfull \hbox (badness 10000) in paragraph at lines 1120--1122
\T1/qtm/m/n/10 (\T1/qtm/m/it/10 aliro_actuator.transport_protocol.nfc.NFC
 []


Underfull \hbox (badness 10000) in paragraph at lines 1122--1124
[]\T1/txtt/m/n/10 wait_for_connection()
 []


Overfull \hbox (3.90247pt too wide) in paragraph at lines 1122--1124
\T1/qtm/m/n/10 (\T1/qtm/m/it/10 aliro_actuator.transport_protocol.socket.Socket

 []


Underfull \hbox (badness 10000) in paragraph at lines 1124--1126
[]\T1/txtt/m/n/10 wait_for_connection()
 []


Overfull \hbox (44.16245pt too wide) in paragraph at lines 1124--1126
\T1/qtm/m/n/10 (\T1/qtm/m/it/10 aliro_actuator.transport_protocol.TransportProt
ocolBase
 []


Overfull \hbox (22.12177pt too wide) in paragraph at lines 1126--1128
[]\T1/txtt/m/n/10 wait_for_initiate_access_protocol_notification()
 []


Underfull \hbox (badness 10000) in paragraph at lines 1126--1128
\T1/qtm/m/n/10 (\T1/qtm/m/it/10 aliro_actuator.access_protocol.reader.Reader
 []


Overfull \hbox (54.07219pt too wide) in paragraph at lines 1128--1130
[]\T1/txtt/m/n/10 wait_for_reader() \T1/qtm/m/n/10 (\T1/qtm/m/it/10 aliro_actua
tor.hw_driver.pn7160_driver.Driver
 []


Overfull \hbox (38.32224pt too wide) in paragraph at lines 1130--1132
[]\T1/txtt/m/n/10 wait_for_tag() \T1/qtm/m/n/10 (\T1/qtm/m/it/10 aliro_actuator
.hw_driver.pn7160_driver.Driver
 []


Overfull \hbox (85.05159pt too wide) in paragraph at lines 1132--1134
[]\T1/txtt/m/n/10 WRITE \T1/qtm/m/n/10 (\T1/qtm/m/it/10 aliro_actuator.access_p
rotocol.user_device.MailboxSession.Command
 []


Overfull \hbox (6.10236pt too wide) in paragraph at lines 1134--1136
[]\T1/txtt/m/n/10 write() \T1/qtm/m/n/10 (\T1/qtm/m/it/10 aliro_actuator.access
_protocol.mailbox.Mailbox
 []


Overfull \hbox (18.10152pt too wide) in paragraph at lines 1136--1138
[]\T1/txtt/m/n/10 WRITE_TAG \T1/qtm/m/n/10 (\T1/qtm/m/it/10 aliro_actuator.acce
ss_protocol.defines.Exchange
 []


Overfull \hbox (64.71141pt too wide) in paragraph at lines 1138--1140
[]\T1/txtt/m/n/10 WRONG_LENGTH_IN_LC \T1/qtm/m/n/10 (\T1/qtm/m/it/10 aliro_actu
ator.access_protocol.apdu.StatusBytes
 []

[61

]) (./aliro_actuator.aux)
Package rerunfilecheck Info: File `aliro_actuator.out' has not changed.
(rerunfilecheck)             Checksum: E2A2566B65C651B8B0BEF1B5D4EE0201;12235.
 ) 
Here is how much of TeX's memory you used:
 17408 strings out of 478051
 339457 string characters out of 5840944
 1874330 words of memory out of 5000000
 36499 multiletter control sequences out of 15000+600000
 563961 words of font info for 74 fonts, out of 8000000 for 9000
 15 hyphenation exceptions out of 8191
 72i,12n,76p,5330b,716s stack positions out of 10000i,1000n,20000p,200000b,200000s
{/usr/share/texmf/fonts/enc/dvips/tex-gyre/q-ec.enc}{/usr/share/texmf/fonts/e
nc/dvips/tex-gyre/q-ts1.enc}</usr/share/texlive/texmf-dist/fonts/type1/public/a
msfonts/cm/cmsy10.pfb></usr/share/texmf/fonts/type1/public/tex-gyre/qhvb.pfb></
usr/share/texmf/fonts/type1/public/tex-gyre/qhvr.pfb></usr/share/texmf/fonts/ty
pe1/public/tex-gyre/qtmb.pfb></usr/share/texmf/fonts/type1/public/tex-gyre/qtmr
.pfb></usr/share/texmf/fonts/type1/public/tex-gyre/qtmri.pfb></usr/share/texliv
e/texmf-dist/fonts/type1/public/txfonts/t1xbtt.pfb></usr/share/texlive/texmf-di
st/fonts/type1/public/txfonts/t1xtt.pfb></usr/share/texlive/texmf-dist/fonts/ty
pe1/public/txfonts/t1xtt.pfb></usr/share/texlive/texmf-dist/fonts/type1/public/
txfonts/tcxbtt.pfb>
Output written on aliro_actuator.pdf (65 pages, 311796 bytes).
PDF statistics:
 2102 PDF objects out of 2487 (max. 8388607)
 1997 compressed objects within 20 object streams
 643 named destinations out of 1000 (max. 500000)
 453 words of extra memory for PDF output out of 10000 (max. 10000000)

